arquivo,funcoes,cc_media,cc_max,cc_soma,pior_rank,pior_classe,pior_funcao,pior_linha_ini
sample_factory/algo/utils/spaces/discretized.py,2,1.0,1,2,A,Discretized,__init__,5
sample_factory/cfg/cfg.py,21,1.0,1,21,A,,add_basic_cli_args,9
sample_factory/cfg/configurable.py,1,1.0,1,1,A,Configurable,__init__,5
sample_factory/huggingface/load_from_hub.py,1,1.0,1,1,A,,main,6
sample_factory/model/model_factory.py,5,1.0,1,5,A,ModelFactory,__init__,17
sample_factory/algo/utils/context.py,6,1.17,2,7,A,,sf_global_context,16
sample_factory/algo/utils/heartbeat.py,5,1.2,2,6,A,HeartbeatStoppableEventLoopObject,on_stop,23
sample_factory/model/decoder.py,4,1.25,2,5,A,MlpDecoder,__init__,16
sample_factory/algo/utils/misc.py,3,1.33,2,4,A,,memory_stats,36
sample_factory/algo/learning/learner_worker.py,20,1.35,3,27,A,,init_learner_process,27
sample_factory/algo/utils/model_sharing.py,20,1.4,4,28,A,ParameterClientAsync,ensure_weights_updated,132
sample_factory/algo/sampling/sampling_utils.py,9,1.44,4,13,A,,rollout_worker_device,54
sample_factory/algo/sampling/sampler.py,40,1.48,5,59,A,Sampler,_inference_worker_ready,177
sample_factory/algo/utils/multiprocessing_utils.py,7,1.57,3,11,A,,get_mp_ctx,9
sample_factory/model/action_parameterization.py,5,1.6,3,8,A,ActionParameterizationContinuousNonAdaptiveStddev,__init__,45
sample_factory/algo/utils/env_info.py,13,1.69,5,22,A,,obtain_env_info_in_a_separate_process,166
sample_factory/utils/timing.py,21,1.71,8,36,B,Timing,_tree_str_func,125
sample_factory/model/encoder.py,23,1.74,4,40,A,MultiInputEncoder,__init__,34
sample_factory/algo/runners/runner_parallel.py,5,1.8,3,9,A,ParallelRunner,init,20
sample_factory/algo/sampling/sync_sampling_api.py,5,1.8,3,9,A,SyncSamplingAPI,_on_new_trajectories,36
sample_factory/launcher/run_slurm.py,10,1.8,3,18,A,,submit_sbatch_file,116
sample_factory/model/actor_critic.py,35,1.86,10,65,B,ActorCritic,initialize_weights,73
sample_factory/envs/env_utils.py,15,1.87,4,28,A,,find_wrapper_interface,62
sample_factory/algo/utils/rl_utils.py,10,1.9,4,19,A,,make_dones,100
sample_factory/algo/learning/rnn_utils.py,4,2.0,5,8,A,,_build_pack_info_from_dones,11
sample_factory/algo/runners/runner_serial.py,2,2.0,3,4,A,SerialRunner,init,13
sample_factory/algo/utils/tensor_utils.py,6,2.0,2,12,A,,clone_tensor,10
sample_factory/launcher/launcher_utils.py,1,2.0,2,2,A,,seeds,5
sample_factory/utils/attr_dict.py,1,2.0,2,2,A,AttrDict,__getattribute__,4
sample_factory/algo/utils/action_distributions.py,36,2.06,6,74,B,,calc_num_actions,14
sample_factory/algo/utils/torch_utils.py,7,2.14,4,15,A,,synchronize,58
sample_factory/model/core.py,7,2.14,6,15,B,ModelCoreRNN,forward,37
sample_factory/utils/utils.py,46,2.17,8,100,B,,kill_processes,290
sample_factory/utils/state_proxy.py,4,2.25,3,9,A,StateProxy,__getattr__,22
sample_factory/algo/sampling/stats.py,3,2.33,4,7,A,,timing_msg_handler,14
sample_factory/envs/env_wrappers.py,36,2.33,9,84,B,PixelFormatChwWrapper,__init__,135
sample_factory/launcher/run_ngc.py,3,2.33,4,7,A,,run_ngc,29
sample_factory/algo/utils/make_env.py,32,2.34,7,75,B,BatchedVecEnv,_get_convert_func,183
sample_factory/model/model_utils.py,7,2.43,4,17,A,,get_rnn_size,11
sample_factory/algo/sampling/evaluation_sampling_api.py,24,2.46,9,59,B,SamplingLoop,_process_msg,129
sample_factory/utils/get_available_gpus.py,2,2.5,3,5,A,,get_gpus_without_triggering_pytorch_cuda_initialization,5
sample_factory/algo/learning/learner.py,70,2.51,10,176,B,Learner,init,182
sample_factory/utils/wandb_utils.py,3,2.67,5,8,A,,init_wandb,6
sample_factory/algo/learning/batcher.py,21,2.71,11,57,C,Batcher,_maybe_enqueue_new_training_batches,174
sample_factory/algo/runners/runner.py,57,2.93,18,167,C,Runner,_report_experiment_summaries,371
sample_factory/train.py,2,3.0,4,6,A,,make_runner,12
sample_factory/huggingface/push_to_hub.py,1,3.0,3,3,A,,main,10
sample_factory/model/utils.py,2,3.0,3,6,A,,orthogonal_init,4
sample_factory/utils/network.py,1,3.0,3,3,A,,is_udp_port_available,6
sample_factory/utils/dicts.py,9,3.22,5,29,A,,list_of_dicts_to_dict_of_lists,83
sample_factory/algo/sampling/inference_worker.py,19,3.26,7,62,B,InferenceWorker,_prepare_policy_outputs_batched,239
sample_factory/pbt/population_based_training.py,25,3.32,11,83,C,PopulationBasedTraining,_update_policy,300
sample_factory/launcher/run.py,3,3.33,5,10,A,,main,53
sample_factory/launcher/run_description.py,11,3.36,10,37,B,Experiment,generate_experiments,100
sample_factory/algo/sampling/non_batched_sampling.py,27,3.37,8,91,B,ActorState,finalize_trajectory,223
sample_factory/eval.py,5,3.4,6,17,B,,_print_eval_summaries,30
sample_factory/envs/pettingzoo_envs.py,9,3.44,8,31,B,PettingZooParallelEnv,step,30
sample_factory/launcher/run_processes.py,9,3.44,7,31,B,,run,147
sample_factory/export_onnx.py,10,3.5,7,35,B,,generate_args,91
sample_factory/huggingface/huggingface_utils.py,4,3.5,8,14,B,,generate_replay_video,13
sample_factory/utils/decay.py,2,3.5,5,7,A,LinearDecay,at,25
sample_factory/utils/normalize.py,4,3.5,5,14,A,ObservationNormalizer,forward,51
sample_factory/utils/gpu_utils.py,5,3.6,7,18,B,,gpus_for_process,31
sample_factory/algo/utils/agent_policy_mapping.py,3,3.67,6,11,B,AgentPolicyMapping,get_policy_for_agent,43
sample_factory/envs/create_env.py,1,4.0,4,4,A,,create_env,13
sample_factory/utils/gifs.py,1,4.0,4,4,A,,encode_gif,4
sample_factory/enjoy.py,17,4.06,10,69,B,,render_frame,58
sample_factory/cfg/arguments.py,12,4.17,18,50,C,,verify_cfg,105
sample_factory/algo/sampling/batched_sampling.py,12,4.33,19,52,C,BatchedVectorEnvRunner,_process_env_step,218
sample_factory/algo/utils/tensor_dict.py,10,4.4,12,44,C,,find_invalid_data,128
sample_factory/algo/sampling/rollout_worker.py,12,4.42,9,53,B,,init_rollout_worker_process,34
sample_factory/algo/utils/running_mean_std.py,6,4.5,11,27,C,RunningMeanStdInPlace,forward,64
sample_factory/algo/utils/shared_buffers.py,7,5.29,13,37,C,BufferMgr,__init__,156
sample_factory/algo/utils/gymnasium_utils.py,3,5.67,8,17,B,,_patch_env,39
sample_factory/utils/tb.py,2,6.0,8,12,B,,main,33
sample_factory/algo/utils/optimizers.py,6,6.17,10,37,B,Lamb,_step_list_params,97
