arquivo,tipo,classe,nome,rank_cc,complexity,linha_ini,linha_fim
sample_factory/enjoy.py,function,,make_env,A,1,85,89
sample_factory/eval.py,function,,do_eval,A,1,113,119
sample_factory/export_onnx.py,function,,generate_rnn_states,A,1,98,99
sample_factory/export_onnx.py,function,,create_forward,A,1,128,141
sample_factory/export_onnx.py,function,,patch_forward,A,1,144,152
sample_factory/export_onnx.py,method,OnnxExporter,__init__,A,1,32,36
sample_factory/algo/learning/batcher.py,function,,slice_len,A,1,18,19
sample_factory/algo/learning/batcher.py,method,SliceMerger,__init__,A,1,23,26
sample_factory/algo/learning/batcher.py,method,SliceMerger,_add_slice,A,1,28,31
sample_factory/algo/learning/batcher.py,method,SliceMerger,_del_slice,A,1,33,36
sample_factory/algo/learning/batcher.py,method,Batcher,initialized,A,1,125,125
sample_factory/algo/learning/batcher.py,method,Batcher,trajectory_buffers_available,A,1,128,128
sample_factory/algo/learning/batcher.py,method,Batcher,training_batches_available,A,1,131,131
sample_factory/algo/learning/batcher.py,method,Batcher,stop_experience_collection,A,1,134,134
sample_factory/algo/learning/batcher.py,method,Batcher,resume_experience_collection,A,1,137,137
sample_factory/algo/learning/batcher.py,method,Batcher,stop,A,1,140,140
sample_factory/algo/learning/batcher.py,method,Batcher,on_stop,A,1,269,271
sample_factory/algo/learning/learner.py,method,LearningRateScheduler,update,A,1,36,37
sample_factory/algo/learning/learner.py,method,LearningRateScheduler,invoke_after_each_minibatch,A,1,39,40
sample_factory/algo/learning/learner.py,method,LearningRateScheduler,invoke_after_each_epoch,A,1,42,43
sample_factory/algo/learning/learner.py,method,KlAdaptiveScheduler,__init__,A,1,47,50
sample_factory/algo/learning/learner.py,method,KlAdaptiveScheduler,num_recent_kls_to_use,A,1,53,54
sample_factory/algo/learning/learner.py,method,KlAdaptiveSchedulerPerMinibatch,num_recent_kls_to_use,A,1,69,70
sample_factory/algo/learning/learner.py,method,KlAdaptiveSchedulerPerMinibatch,invoke_after_each_minibatch,A,1,72,73
sample_factory/algo/learning/learner.py,method,KlAdaptiveSchedulerPerEpoch,__init__,A,1,77,79
sample_factory/algo/learning/learner.py,method,KlAdaptiveSchedulerPerEpoch,num_recent_kls_to_use,A,1,81,82
sample_factory/algo/learning/learner.py,method,KlAdaptiveSchedulerPerEpoch,invoke_after_each_epoch,A,1,84,85
sample_factory/algo/learning/learner.py,method,LinearDecayScheduler,__init__,A,1,89,92
sample_factory/algo/learning/learner.py,method,LinearDecayScheduler,invoke_after_each_minibatch,A,1,94,95
sample_factory/algo/learning/learner.py,method,LinearDecayScheduler,update,A,1,97,100
sample_factory/algo/learning/learner.py,method,Learner,__init__,A,1,126,176
sample_factory/algo/learning/learner.py,method,Learner,checkpoint_dir,A,1,258,260
sample_factory/algo/learning/learner.py,method,Learner,get_checkpoints,A,1,263,265
sample_factory/algo/learning/learner.py,method,Learner,_after_optimizer_step,A,1,319,321
sample_factory/algo/learning/learner.py,method,Learner,_get_checkpoint_dict,A,1,323,332
sample_factory/algo/learning/learner.py,method,Learner,save,A,1,362,363
sample_factory/algo/learning/learner.py,method,Learner,set_new_cfg,A,1,388,389
sample_factory/algo/learning/learner.py,method,Learner,set_policy_to_load,A,1,391,392
sample_factory/algo/learning/learner.py,method,Learner,_policy_loss,A,1,431,439
sample_factory/algo/learning/learner.py,method,Learner,_value_loss,A,1,441,459
sample_factory/algo/learning/learner.py,method,Learner,_kl_loss,A,1,461,471
sample_factory/algo/learning/learner.py,method,Learner,_entropy_exploration_loss,A,1,473,477
sample_factory/algo/learning/learner_worker.py,method,LearnerWorker,__init__,A,1,51,76
sample_factory/algo/learning/learner_worker.py,method,LearnerWorker,initialized,A,1,79,79
sample_factory/algo/learning/learner_worker.py,method,LearnerWorker,model_initialized,A,1,82,82
sample_factory/algo/learning/learner_worker.py,method,LearnerWorker,report_msg,A,1,85,85
sample_factory/algo/learning/learner_worker.py,method,LearnerWorker,training_batch_released,A,1,88,88
sample_factory/algo/learning/learner_worker.py,method,LearnerWorker,finished_training_iteration,A,1,91,91
sample_factory/algo/learning/learner_worker.py,method,LearnerWorker,saved_model,A,1,94,94
sample_factory/algo/learning/learner_worker.py,method,LearnerWorker,stop,A,1,97,97
sample_factory/algo/learning/learner_worker.py,method,LearnerWorker,save_milestone,A,1,111,112
sample_factory/algo/learning/learner_worker.py,method,LearnerWorker,load,A,1,114,115
sample_factory/algo/learning/learner_worker.py,method,LearnerWorker,on_update_cfg,A,1,117,118
sample_factory/algo/learning/learner_worker.py,method,LearnerWorker,start_batcher_thread,A,1,120,123
sample_factory/algo/learning/learner_worker.py,method,LearnerWorker,join_batcher_thread,A,1,125,126
sample_factory/algo/learning/learner_worker.py,method,LearnerWorker,_cleanup_cache,A,1,152,153
sample_factory/algo/learning/rnn_utils.py,function,,build_rnn_inputs,A,1,114,154
sample_factory/algo/learning/rnn_utils.py,function,,device,A,1,133,134
sample_factory/algo/learning/rnn_utils.py,function,,build_core_out_from_seq,A,1,157,158
sample_factory/algo/runners/runner.py,function,,periodic,A,1,162,165
sample_factory/algo/runners/runner.py,method,AlgoObserver,on_init,A,1,53,55
sample_factory/algo/runners/runner.py,method,AlgoObserver,on_connect_components,A,1,57,59
sample_factory/algo/runners/runner.py,method,AlgoObserver,on_start,A,1,61,63
sample_factory/algo/runners/runner.py,method,AlgoObserver,on_training_step,A,1,65,67
sample_factory/algo/runners/runner.py,method,AlgoObserver,extra_summaries,A,1,69,70
sample_factory/algo/runners/runner.py,method,AlgoObserver,on_stop,A,1,72,73
sample_factory/algo/runners/runner.py,method,Runner,save_periodic,A,1,188,188
sample_factory/algo/runners/runner.py,method,Runner,save_best,A,1,191,191
sample_factory/algo/runners/runner.py,method,Runner,update_training_info,A,1,194,194
sample_factory/algo/runners/runner.py,method,Runner,save_milestone,A,1,197,197
sample_factory/algo/runners/runner.py,method,Runner,stop,A,1,200,202
sample_factory/algo/runners/runner.py,method,Runner,all_components_stopped,A,1,205,205
sample_factory/algo/runners/runner.py,method,Runner,update_reward_shaping,A,1,446,451
sample_factory/algo/runners/runner.py,method,Runner,_save_policy,A,1,453,454
sample_factory/algo/runners/runner.py,method,Runner,_save_milestone_policy,A,1,456,457
sample_factory/algo/runners/runner.py,method,Runner,_register_msg_handler,A,1,478,479
sample_factory/algo/runners/runner.py,method,Runner,register_msg_handler,A,1,481,482
sample_factory/algo/runners/runner.py,method,Runner,register_policy_msg_handler,A,1,484,485
sample_factory/algo/runners/runner.py,method,Runner,register_episodic_stats_handler,A,1,487,488
sample_factory/algo/runners/runner.py,method,Runner,register_observer,A,1,490,491
sample_factory/algo/runners/runner.py,method,Runner,_save_cfg,A,1,497,501
sample_factory/algo/runners/runner.py,method,Runner,_make_batcher,A,1,503,504
sample_factory/algo/runners/runner.py,method,Runner,_make_learner,A,1,506,513
sample_factory/algo/runners/runner.py,method,Runner,_on_start,A,1,544,548
sample_factory/algo/runners/runner.py,method,Runner,_setup_component_termination,A,1,621,624
sample_factory/algo/runners/runner_parallel.py,method,ParallelRunner,__init__,A,1,16,18
sample_factory/algo/runners/runner_parallel.py,method,ParallelRunner,_on_start,A,1,48,50
sample_factory/algo/runners/runner_serial.py,method,SerialRunner,__init__,A,1,9,11
sample_factory/algo/sampling/batched_sampling.py,method,BatchedVectorEnvRunner,__init__,A,1,104,152
sample_factory/algo/sampling/batched_sampling.py,method,BatchedVectorEnvRunner,_process_rewards,A,1,208,213
sample_factory/algo/sampling/batched_sampling.py,method,BatchedVectorEnvRunner,_finalize_trajectories,A,1,289,296
sample_factory/algo/sampling/batched_sampling.py,method,BatchedVectorEnvRunner,synchronize_devices,A,1,390,392
sample_factory/algo/sampling/batched_sampling.py,method,BatchedVectorEnvRunner,close,A,1,394,395
sample_factory/algo/sampling/evaluation_sampling_api.py,method,SamplingLoop,model_initialized,A,1,83,83
sample_factory/algo/sampling/evaluation_sampling_api.py,method,SamplingLoop,trajectory_buffers_available,A,1,86,86
sample_factory/algo/sampling/evaluation_sampling_api.py,method,SamplingLoop,stop,A,1,89,89
sample_factory/algo/sampling/evaluation_sampling_api.py,method,SamplingLoop,set_new_trajectory_callback,A,1,179,180
sample_factory/algo/sampling/evaluation_sampling_api.py,method,SamplingLoop,on_sampler_started,A,1,182,183
sample_factory/algo/sampling/evaluation_sampling_api.py,method,SamplingLoop,on_sampler_initialized,A,1,185,186
sample_factory/algo/sampling/evaluation_sampling_api.py,method,SamplingLoop,stop_sampling,A,1,228,231
sample_factory/algo/sampling/evaluation_sampling_api.py,method,EvalSamplingAPI,__init__,A,1,235,253
sample_factory/algo/sampling/evaluation_sampling_api.py,method,EvalSamplingAPI,eval_stats,A,1,285,288
sample_factory/algo/sampling/evaluation_sampling_api.py,method,EvalSamplingAPI,_on_new_trajectories,A,1,305,310
sample_factory/algo/sampling/evaluation_sampling_api.py,method,EvalSamplingAPI,stop,A,1,312,315
sample_factory/algo/sampling/inference_worker.py,method,InferenceWorker,initialized,A,1,137,137
sample_factory/algo/sampling/inference_worker.py,method,InferenceWorker,report_msg,A,1,140,140
sample_factory/algo/sampling/inference_worker.py,method,InferenceWorker,should_stop_experience_collection,A,1,175,177
sample_factory/algo/sampling/inference_worker.py,method,InferenceWorker,should_resume_experience_collection,A,1,179,181
sample_factory/algo/sampling/non_batched_sampling.py,method,ActorState,__init__,A,1,31,94
sample_factory/algo/sampling/non_batched_sampling.py,method,ActorState,_env_set_curr_policy,A,1,96,101
sample_factory/algo/sampling/non_batched_sampling.py,method,ActorState,_on_new_policy,A,1,110,117
sample_factory/algo/sampling/non_batched_sampling.py,method,ActorState,update_traj_buffer,A,1,119,123
sample_factory/algo/sampling/non_batched_sampling.py,method,ActorState,set_trajectory_data,A,1,125,134
sample_factory/algo/sampling/non_batched_sampling.py,method,ActorState,reset_rnn_state,A,1,136,137
sample_factory/algo/sampling/non_batched_sampling.py,method,NonBatchedVectorEnvRunner,synchronize_devices,A,1,693,699
sample_factory/algo/sampling/rollout_worker.py,method,RolloutWorker,report_msg,A,1,132,132
sample_factory/algo/sampling/sampler.py,method,AbstractSampler,__init__,A,1,22,36
sample_factory/algo/sampling/sampler.py,method,AbstractSampler,started,A,1,39,39
sample_factory/algo/sampling/sampler.py,method,AbstractSampler,initialized,A,1,42,42
sample_factory/algo/sampling/sampler.py,method,AbstractSampler,init,A,1,44,45
sample_factory/algo/sampling/sampler.py,method,AbstractSampler,connect_model_initialized,A,1,47,48
sample_factory/algo/sampling/sampler.py,method,AbstractSampler,connect_on_new_trajectories,A,1,50,51
sample_factory/algo/sampling/sampler.py,method,AbstractSampler,connect_trajectory_buffers_available,A,1,53,54
sample_factory/algo/sampling/sampler.py,method,AbstractSampler,connect_stop_experience_collection,A,1,56,57
sample_factory/algo/sampling/sampler.py,method,AbstractSampler,connect_resume_experience_collection,A,1,59,60
sample_factory/algo/sampling/sampler.py,method,AbstractSampler,connect_report_msg,A,1,62,63
sample_factory/algo/sampling/sampler.py,method,AbstractSampler,connect_update_training_info,A,1,65,66
sample_factory/algo/sampling/sampler.py,method,AbstractSampler,stoppable_components,A,1,68,69
sample_factory/algo/sampling/sampler.py,method,AbstractSampler,heartbeat_components,A,1,71,72
sample_factory/algo/sampling/sampler.py,method,AbstractSampler,join,A,1,74,76
sample_factory/algo/sampling/sampler.py,method,Sampler,_init_inference_workers,A,1,99,99
sample_factory/algo/sampling/sampler.py,method,Sampler,_inference_workers_initialized,A,1,102,102
sample_factory/algo/sampling/sampler.py,method,Sampler,_make_inference_worker,A,1,104,113
sample_factory/algo/sampling/sampler.py,method,Sampler,_make_rollout_worker,A,1,116,117
sample_factory/algo/sampling/sampler.py,method,Sampler,_for_each_worker,A,1,128,130
sample_factory/algo/sampling/sampler.py,method,Sampler,connect_on_new_trajectories,A,1,157,159
sample_factory/algo/sampling/sampler.py,method,Sampler,connect_trajectory_buffers_available,A,1,161,162
sample_factory/algo/sampling/sampler.py,method,Sampler,connect_stop_experience_collection,A,1,164,165
sample_factory/algo/sampling/sampler.py,method,Sampler,connect_resume_experience_collection,A,1,167,168
sample_factory/algo/sampling/sampler.py,method,Sampler,connect_report_msg,A,1,170,172
sample_factory/algo/sampling/sampler.py,method,Sampler,connect_update_training_info,A,1,174,175
sample_factory/algo/sampling/sampler.py,method,Sampler,stoppable_components,A,1,196,199
sample_factory/algo/sampling/sampler.py,method,Sampler,heartbeat_components,A,1,201,204
sample_factory/algo/sampling/sampler.py,method,SerialSampler,init,A,1,231,232
sample_factory/algo/sampling/sampler.py,method,SerialSampler,join,A,1,234,235
sample_factory/algo/sampling/sampler.py,method,ParallelSampler,init,A,1,278,291
sample_factory/algo/sampling/sampler.py,function,,start_process,A,1,281,283
sample_factory/algo/sampling/sampling_utils.py,method,VectorEnvRunner,__init__,A,1,16,29
sample_factory/algo/sampling/sampling_utils.py,method,VectorEnvRunner,init,A,1,31,32
sample_factory/algo/sampling/sampling_utils.py,method,VectorEnvRunner,advance_rollouts,A,1,34,35
sample_factory/algo/sampling/sampling_utils.py,method,VectorEnvRunner,update_trajectory_buffers,A,1,37,38
sample_factory/algo/sampling/sampling_utils.py,method,VectorEnvRunner,generate_policy_request,A,1,40,41
sample_factory/algo/sampling/sampling_utils.py,method,VectorEnvRunner,synchronize_devices,A,1,43,44
sample_factory/algo/sampling/sampling_utils.py,method,VectorEnvRunner,close,A,1,46,47
sample_factory/algo/sampling/stats.py,function,,samples_stats_handler,A,1,30,31
sample_factory/algo/sampling/sync_sampling_api.py,method,SyncSamplingAPI,__init__,A,1,17,31
sample_factory/algo/sampling/sync_sampling_api.py,method,SyncSamplingAPI,start,A,1,33,34
sample_factory/algo/sampling/sync_sampling_api.py,method,SyncSamplingAPI,stop,A,1,62,65
sample_factory/algo/utils/action_distributions.py,function,,is_continuous_action_space,A,1,41,42
sample_factory/algo/utils/action_distributions.py,function,,masked_softmax,A,1,84,90
sample_factory/algo/utils/action_distributions.py,function,,masked_log_softmax,A,1,93,95
sample_factory/algo/utils/action_distributions.py,method,CategoricalActionDistribution,__init__,A,1,100,108
sample_factory/algo/utils/action_distributions.py,method,CategoricalActionDistribution,log_prob,A,1,145,148
sample_factory/algo/utils/action_distributions.py,method,CategoricalActionDistribution,entropy,A,1,150,152
sample_factory/algo/utils/action_distributions.py,method,CategoricalActionDistribution,_kl,A,1,154,158
sample_factory/algo/utils/action_distributions.py,method,CategoricalActionDistribution,_kl_inverse,A,1,160,163
sample_factory/algo/utils/action_distributions.py,method,CategoricalActionDistribution,_kl_symmetric,A,1,165,166
sample_factory/algo/utils/action_distributions.py,method,CategoricalActionDistribution,symmetric_kl_with_uniform_prior,A,1,168,176
sample_factory/algo/utils/action_distributions.py,method,CategoricalActionDistribution,kl_divergence,A,1,179,180
sample_factory/algo/utils/action_distributions.py,method,TupleActionDistribution,_flatten_actions,A,1,228,230
sample_factory/algo/utils/action_distributions.py,method,TupleActionDistribution,log_prob,A,1,258,263
sample_factory/algo/utils/action_distributions.py,method,ContinuousActionDistribution,__init__,A,1,294,297
sample_factory/algo/utils/action_distributions.py,method,ContinuousActionDistribution,_init_impl,A,1,301,306
sample_factory/algo/utils/action_distributions.py,method,ContinuousActionDistribution,kl_divergence,A,1,308,310
sample_factory/algo/utils/action_distributions.py,method,ContinuousActionDistribution,summaries,A,1,312,322
sample_factory/algo/utils/agent_policy_mapping.py,method,AgentPolicyMapping,_sample_policy,A,1,61,62
sample_factory/algo/utils/context.py,function,,set_global_context,A,1,23,25
sample_factory/algo/utils/context.py,function,,reset_global_context,A,1,28,34
sample_factory/algo/utils/context.py,function,,global_env_registry,A,1,37,42
sample_factory/algo/utils/context.py,function,,global_model_factory,A,1,45,50
sample_factory/algo/utils/context.py,method,SampleFactoryContext,__init__,A,1,8,10
sample_factory/algo/utils/env_info.py,function,,spawn_tmp_env_and_get_info,A,1,95,104
sample_factory/algo/utils/env_info.py,function,,env_info_cache_filename,A,1,107,108
sample_factory/algo/utils/heartbeat.py,method,HeartbeatStoppableEventLoopObject,__init__,A,1,7,10
sample_factory/algo/utils/heartbeat.py,method,HeartbeatStoppableEventLoopObject,heartbeat,A,1,13,13
sample_factory/algo/utils/heartbeat.py,method,HeartbeatStoppableEventLoopObject,stop,A,1,16,16
sample_factory/algo/utils/heartbeat.py,method,HeartbeatStoppableEventLoopObject,_report_heartbeat,A,1,18,21
sample_factory/algo/utils/make_env.py,function,,is_multiagent_env,A,1,43,45
sample_factory/algo/utils/make_env.py,function,,make_env_func_batched,A,1,338,351
sample_factory/algo/utils/make_env.py,function,,make_env_func_non_batched,A,1,372,382
sample_factory/algo/utils/make_env.py,method,_DictObservationsWrapper,__init__,A,1,49,54
sample_factory/algo/utils/make_env.py,method,BatchedDictObservationsWrapper,reset,A,1,60,62
sample_factory/algo/utils/make_env.py,method,BatchedDictObservationsWrapper,step,A,1,64,66
sample_factory/algo/utils/make_env.py,method,BatchedMultiAgentWrapper,reset,A,1,85,87
sample_factory/algo/utils/make_env.py,method,NonBatchedMultiAgentWrapper,__init__,A,1,103,107
sample_factory/algo/utils/make_env.py,method,NonBatchedMultiAgentWrapper,reset,A,1,109,111
sample_factory/algo/utils/make_env.py,method,BatchedVecEnv,seed,A,1,199,205
sample_factory/algo/utils/misc.py,function,,new_trajectories_signal,A,1,24,25
sample_factory/algo/utils/misc.py,function,,advance_rollouts_signal,A,1,28,29
sample_factory/algo/utils/model_sharing.py,method,ParameterServer,__init__,A,1,18,25
sample_factory/algo/utils/model_sharing.py,method,ParameterServer,policy_lock,A,1,28,29
sample_factory/algo/utils/model_sharing.py,method,ParameterServer,init,A,1,31,35
sample_factory/algo/utils/model_sharing.py,method,ParameterServer,update_weights,A,1,37,43
sample_factory/algo/utils/model_sharing.py,method,ParameterClient,__init__,A,1,47,60
sample_factory/algo/utils/model_sharing.py,method,ParameterClient,actor_critic,A,1,63,64
sample_factory/algo/utils/model_sharing.py,method,ParameterClient,policy_version,A,1,67,68
sample_factory/algo/utils/model_sharing.py,method,ParameterClient,_get_server_policy_version,A,1,70,71
sample_factory/algo/utils/model_sharing.py,method,ParameterClient,on_weights_initialized,A,1,73,74
sample_factory/algo/utils/model_sharing.py,method,ParameterClient,ensure_weights_updated,A,1,76,77
sample_factory/algo/utils/model_sharing.py,method,ParameterClient,cleanup,A,1,79,80
sample_factory/algo/utils/model_sharing.py,method,ParameterClientSerial,on_weights_initialized,A,1,84,90
sample_factory/algo/utils/model_sharing.py,method,ParameterClientSerial,ensure_weights_updated,A,1,92,94
sample_factory/algo/utils/model_sharing.py,method,ParameterClientAsync,__init__,A,1,98,101
sample_factory/algo/utils/multiprocessing_utils.py,method,FakeLock,acquire,A,1,31,32
sample_factory/algo/utils/multiprocessing_utils.py,method,FakeLock,release,A,1,34,35
sample_factory/algo/utils/multiprocessing_utils.py,method,FakeLock,__enter__,A,1,37,38
sample_factory/algo/utils/multiprocessing_utils.py,method,FakeLock,__exit__,A,1,40,41
sample_factory/algo/utils/rl_utils.py,function,,trajectories_per_minibatch,A,1,16,17
sample_factory/algo/utils/rl_utils.py,function,,trajectories_per_training_iteration,A,1,20,21
sample_factory/algo/utils/rl_utils.py,function,,total_num_envs,A,1,24,25
sample_factory/algo/utils/rl_utils.py,function,,total_num_agents,A,1,28,29
sample_factory/algo/utils/rl_utils.py,function,,num_agents_per_worker,A,1,32,33
sample_factory/algo/utils/rl_utils.py,function,,samples_per_trajectory,A,1,45,48
sample_factory/algo/utils/running_mean_std.py,method,RunningMeanStdInPlace,_update_mean_var_count_from_moments,A,1,51,62
sample_factory/algo/utils/shared_buffers.py,function,,action_info,A,1,60,64
sample_factory/algo/utils/shared_buffers.py,function,,policy_output_shapes,A,1,67,76
sample_factory/algo/utils/torch_utils.py,function,,to_torch_dtype,A,1,29,33
sample_factory/algo/utils/torch_utils.py,function,,calc_num_elements,A,1,36,40
sample_factory/algo/utils/spaces/discretized.py,method,Discretized,__init__,A,1,5,9
sample_factory/algo/utils/spaces/discretized.py,method,Discretized,to_continuous,A,1,11,14
sample_factory/cfg/arguments.py,function,,cfg_error,A,1,118,121
sample_factory/cfg/arguments.py,function,,default_cfg,A,1,219,224
sample_factory/cfg/cfg.py,function,,add_basic_cli_args,A,1,9,40
sample_factory/cfg/cfg.py,function,,add_rl_args,A,1,43,490
sample_factory/cfg/cfg.py,function,,add_model_args,A,1,493,594
sample_factory/cfg/cfg.py,function,,add_default_env_args,A,1,598,643
sample_factory/cfg/cfg.py,function,,add_eval_args,A,1,647,719
sample_factory/cfg/cfg.py,function,,add_wandb_args,A,1,723,751
sample_factory/cfg/cfg.py,function,,add_pbt_args,A,1,755,818
sample_factory/cfg/configurable.py,method,Configurable,__init__,A,1,5,6
sample_factory/envs/env_utils.py,function,,vizdoom_available,A,1,39,40
sample_factory/envs/env_utils.py,function,,retry,A,1,43,59
sample_factory/envs/env_utils.py,function,,decorator,A,1,44,57
sample_factory/envs/env_utils.py,function,,find_training_info_interface,A,1,126,128
sample_factory/envs/env_utils.py,method,RewardShapingInterface,get_default_reward_shaping,A,1,75,77
sample_factory/envs/env_utils.py,method,RewardShapingInterface,set_reward_shaping,A,1,79,86
sample_factory/envs/env_utils.py,method,TrainingInfoInterface,__init__,A,1,113,114
sample_factory/envs/env_utils.py,method,TrainingInfoInterface,set_training_info,A,1,116,123
sample_factory/envs/env_wrappers.py,function,,has_image_observations,A,1,20,22
sample_factory/envs/env_wrappers.py,method,ResizeWrapper,reset,A,1,82,84
sample_factory/envs/env_wrappers.py,method,ResizeWrapper,step,A,1,86,88
sample_factory/envs/env_wrappers.py,method,RewardScalingWrapper,reward,A,1,97,98
sample_factory/envs/env_wrappers.py,method,TimeLimitWrapper,__init__,A,1,102,107
sample_factory/envs/env_wrappers.py,method,TimeLimitWrapper,_random_limit,A,1,109,110
sample_factory/envs/env_wrappers.py,method,TimeLimitWrapper,reset,A,1,112,115
sample_factory/envs/env_wrappers.py,method,PixelFormatChwWrapper,_transpose,A,1,180,181
sample_factory/envs/env_wrappers.py,method,RecordingWrapper,__init__,A,1,195,209
sample_factory/envs/env_wrappers.py,method,RecordingWrapper,_record,A,1,241,245
sample_factory/envs/env_wrappers.py,method,EpisodicLifeEnv,__init__,A,1,333,336
sample_factory/envs/env_wrappers.py,method,MaxAndSkipEnv,__init__,A,1,377,381
sample_factory/envs/env_wrappers.py,method,MaxAndSkipEnv,reset,A,1,407,408
sample_factory/envs/env_wrappers.py,method,ClipRewardEnv,__init__,A,1,418,419
sample_factory/envs/env_wrappers.py,method,ClipRewardEnv,reward,A,1,421,427
sample_factory/envs/env_wrappers.py,method,NumpyObsWrapper,observation,A,1,436,437
sample_factory/envs/env_wrappers.py,method,EpisodeCounterWrapper,__init__,A,1,441,443
sample_factory/envs/env_wrappers.py,method,EpisodeCounterWrapper,reset,A,1,445,446
sample_factory/envs/pettingzoo_envs.py,method,PettingZooParallelEnv,render,A,1,44,45
sample_factory/envs/pettingzoo_envs.py,method,PettingZooParallelEnv,close,A,1,47,48
sample_factory/huggingface/huggingface_utils.py,function,,push_to_hf,A,1,123,137
sample_factory/huggingface/huggingface_utils.py,function,,load_from_hf,A,1,140,146
sample_factory/huggingface/load_from_hub.py,function,,main,A,1,6,23
sample_factory/launcher/run.py,function,,parse_args,A,1,48,50
sample_factory/launcher/run_description.py,method,ParamGenerator,__init__,A,1,12,13
sample_factory/launcher/run_description.py,method,ParamGenerator,generate_params,A,1,15,17
sample_factory/launcher/run_description.py,method,ParamList,__init__,A,1,23,25
sample_factory/launcher/run_description.py,method,ParamGrid,__init__,A,1,40,43
sample_factory/launcher/run_description.py,method,Experiment,__init__,A,1,90,98
sample_factory/launcher/run_description.py,method,RunDescription,__init__,A,1,144,172
sample_factory/launcher/run_ngc.py,function,,add_ngc_args,A,1,14,26
sample_factory/launcher/run_processes.py,function,,add_os_parallelism_args,A,1,13,27
sample_factory/launcher/run_slurm.py,function,,add_slurm_args,A,1,23,58
sample_factory/model/action_parameterization.py,method,ActionsParameterization,__init__,A,1,14,17
sample_factory/model/action_parameterization.py,method,ActionParameterizationDefault,__init__,A,1,27,31
sample_factory/model/action_parameterization.py,method,ActionParameterizationDefault,forward,A,1,33,39
sample_factory/model/actor_critic.py,function,,create_actor_critic,A,1,337,342
sample_factory/model/actor_critic.py,method,ActorCritic,type_for_input_tensor,A,1,70,71
sample_factory/model/actor_critic.py,method,ActorCritic,normalize_obs,A,1,98,99
sample_factory/model/actor_critic.py,method,ActorCritic,action_distribution,A,1,109,110
sample_factory/model/actor_critic.py,method,ActorCritic,forward_head,A,1,119,120
sample_factory/model/actor_critic.py,method,ActorCritic,forward_core,A,1,122,123
sample_factory/model/actor_critic.py,method,ActorCritic,forward_tail,A,1,125,128
sample_factory/model/actor_critic.py,method,ActorCritic,forward,A,1,130,133
sample_factory/model/actor_critic.py,method,ActorCriticSharedWeights,__init__,A,1,137,158
sample_factory/model/actor_critic.py,method,ActorCriticSharedWeights,forward_head,A,1,160,162
sample_factory/model/actor_critic.py,method,ActorCriticSharedWeights,forward_core,A,1,164,166
sample_factory/model/actor_critic.py,method,ActorCriticSharedWeights,forward,A,1,188,195
sample_factory/model/actor_critic.py,method,ActorCriticSeparateWeights,_core_empty,A,1,276,278
sample_factory/model/actor_critic.py,method,ActorCriticSeparateWeights,forward_core,A,1,287,288
sample_factory/model/actor_critic.py,method,ActorCriticSeparateWeights,forward,A,1,315,322
sample_factory/model/core.py,method,ModelCore,__init__,A,1,11,13
sample_factory/model/core.py,method,ModelCore,get_out_size,A,1,15,16
sample_factory/model/core.py,method,ModelCoreIdentity,__init__,A,1,70,73
sample_factory/model/core.py,method,ModelCoreIdentity,forward,A,1,76,77
sample_factory/model/decoder.py,function,,default_make_decoder_func,A,1,34,35
sample_factory/model/decoder.py,method,MlpDecoder,forward,A,1,27,28
sample_factory/model/decoder.py,method,MlpDecoder,get_out_size,A,1,30,31
sample_factory/model/encoder.py,function,,default_make_encoder_func,A,1,234,242
sample_factory/model/encoder.py,method,Encoder,__init__,A,1,16,17
sample_factory/model/encoder.py,method,Encoder,get_out_size,A,1,19,20
sample_factory/model/encoder.py,method,Encoder,model_to_device,A,1,22,24
sample_factory/model/encoder.py,method,Encoder,device_for_input_tensor,A,1,26,27
sample_factory/model/encoder.py,method,Encoder,type_for_input_tensor,A,1,29,30
sample_factory/model/encoder.py,method,MultiInputEncoder,get_out_size,A,1,68,69
sample_factory/model/encoder.py,method,MlpEncoder,forward,A,1,82,84
sample_factory/model/encoder.py,method,MlpEncoder,get_out_size,A,1,86,87
sample_factory/model/encoder.py,method,ConvEncoderImpl,forward,A,1,115,119
sample_factory/model/encoder.py,method,ConvEncoder,get_out_size,A,1,146,147
sample_factory/model/encoder.py,method,ConvEncoder,forward,A,1,149,150
sample_factory/model/encoder.py,method,ResBlock,__init__,A,1,154,164
sample_factory/model/encoder.py,method,ResBlock,forward,A,1,166,170
sample_factory/model/encoder.py,method,ResnetEncoder,forward,A,1,214,218
sample_factory/model/encoder.py,method,ResnetEncoder,get_out_size,A,1,220,221
sample_factory/model/model_factory.py,method,ModelFactory,__init__,A,1,17,29
sample_factory/model/model_factory.py,method,ModelFactory,register_actor_critic_factory,A,1,31,36
sample_factory/model/model_factory.py,method,ModelFactory,register_encoder_factory,A,1,38,44
sample_factory/model/model_factory.py,method,ModelFactory,register_model_core_factory,A,1,46,52
sample_factory/model/model_factory.py,method,ModelFactory,register_decoder_factory,A,1,54,60
sample_factory/model/model_utils.py,method,ModelModule,__init__,A,1,60,62
sample_factory/model/model_utils.py,method,ModelModule,get_out_size,A,1,64,65
sample_factory/pbt/population_based_training.py,function,,perturb_vtrace,A,1,30,31
sample_factory/pbt/population_based_training.py,function,,perturb_exponential_decay,A,1,34,40
sample_factory/pbt/population_based_training.py,function,,perturb_batch_size,A,1,43,55
sample_factory/pbt/population_based_training.py,function,,policy_cfg_file,A,1,87,88
sample_factory/pbt/population_based_training.py,function,,policy_reward_shaping_file,A,1,91,92
sample_factory/pbt/population_based_training.py,function,,update_cfg_signal,A,1,95,96
sample_factory/pbt/population_based_training.py,function,,save_model_signal,A,1,99,100
sample_factory/pbt/population_based_training.py,function,,load_model_signal,A,1,103,104
sample_factory/pbt/population_based_training.py,method,PopulationBasedTraining,_save_cfg,A,1,197,201
sample_factory/pbt/population_based_training.py,method,PopulationBasedTraining,_save_reward_shaping,A,1,203,207
sample_factory/pbt/population_based_training.py,method,PopulationBasedTraining,_perturb_cfg,A,1,251,253
sample_factory/pbt/population_based_training.py,method,PopulationBasedTraining,_learner_update_cfg,A,1,273,275
sample_factory/utils/dicts.py,function,,copy_dict_structure,A,1,52,56
sample_factory/utils/gpu_utils.py,function,,cuda_envvars_for_policy,A,1,89,90
sample_factory/utils/timing.py,function,,node_str,A,1,131,132
sample_factory/utils/timing.py,function,,init_global_profiler,A,1,157,161
sample_factory/utils/timing.py,method,AvgTime,__init__,A,1,17,18
sample_factory/utils/timing.py,method,AvgTime,__str__,A,1,20,22
sample_factory/utils/timing.py,method,TimingContext,__init__,A,1,33,43
sample_factory/utils/timing.py,method,TimingContext,set_tree_node,A,1,45,46
sample_factory/utils/timing.py,method,TimingContext,__enter__,A,1,64,66
sample_factory/utils/timing.py,method,TimingContext,__exit__,A,1,68,71
sample_factory/utils/timing.py,method,Timing,__init__,A,1,75,82
sample_factory/utils/timing.py,method,Timing,_push_context,A,1,84,86
sample_factory/utils/timing.py,method,Timing,timeit,A,1,101,102
sample_factory/utils/timing.py,method,Timing,add_time,A,1,104,105
sample_factory/utils/timing.py,method,Timing,time_avg,A,1,107,108
sample_factory/utils/timing.py,method,Timing,tree_str,A,1,148,151
sample_factory/utils/timing.py,method,Timing,__str__,A,1,153,154
sample_factory/utils/utils.py,function,,scale_to_range,A,1,96,102
sample_factory/utils/utils.py,function,,min_with_idx,A,1,118,119
sample_factory/utils/utils.py,function,,max_with_idx,A,1,122,123
sample_factory/utils/utils.py,function,,static_vars,A,1,126,132
sample_factory/utils/utils.py,function,,safe_put,A,1,144,145
sample_factory/utils/utils.py,function,,retry,A,1,159,185
sample_factory/utils/utils.py,function,,decorator,A,1,170,183
sample_factory/utils/utils.py,function,,numpy_all_the_way,A,1,205,210
sample_factory/utils/utils.py,function,,numpy_flatten,A,1,213,215
sample_factory/utils/utils.py,function,,figure_to_numpy,A,1,227,243
sample_factory/utils/utils.py,function,,get_free_disk_space_mb,A,1,249,251
sample_factory/utils/utils.py,function,,memory_consumption_mb,A,1,254,257
sample_factory/utils/utils.py,function,,project_tmp_dir,A,1,396,398
sample_factory/utils/utils.py,function,,experiments_dir,A,1,401,402
sample_factory/utils/utils.py,function,,wandb_dir,A,1,405,406
sample_factory/utils/utils.py,function,,experiment_dir,A,1,409,412
sample_factory/utils/utils.py,function,,summaries_dir,A,1,415,416
sample_factory/utils/utils.py,function,,cfg_file,A,1,419,420
sample_factory/utils/utils.py,function,,cfg_file_old,A,1,423,425
sample_factory/utils/utils.py,function,,debug_log_every_n,A,1,496,497
sample_factory/utils/wandb_utils.py,function,,init_wandb_func,A,1,35,47
sample_factory/enjoy.py,function,,max_frames_reached,A,2,145,146
sample_factory/enjoy.py,function,,load_state_dict,A,2,92,100
sample_factory/eval.py,function,,_print_fps_stats,A,2,17,26
sample_factory/export_onnx.py,function,,create_onnx_exporter,A,2,65,88
sample_factory/train.py,function,,run_rl,A,2,31,41
sample_factory/algo/learning/batcher.py,method,SliceMerger,_extract_at_most,A,2,58,66
sample_factory/algo/learning/batcher.py,method,SliceMerger,get_at_most,A,2,68,72
sample_factory/algo/learning/batcher.py,method,Batcher,init,A,2,142,156
sample_factory/algo/learning/learner.py,function,,model_initialization_data,A,2,116,122
sample_factory/algo/learning/learner.py,method,Learner,_load_state,A,2,289,298
sample_factory/algo/learning/learner.py,method,Learner,load_from_checkpoint,A,2,300,310
sample_factory/algo/learning/learner.py,method,Learner,_should_save_summaries,A,2,312,317
sample_factory/algo/learning/learner.py,method,Learner,save_milestone,A,2,365,374
sample_factory/algo/learning/learner.py,method,Learner,_maybe_load_policy,A,2,415,428
sample_factory/algo/learning/learner.py,method,Learner,_symmetric_kl_exploration_loss,A,2,479,486
sample_factory/algo/learning/learner.py,method,Learner,_optimizer_lr,A,2,488,490
sample_factory/algo/learning/learner.py,method,Learner,_get_minibatch,A,2,529,535
sample_factory/algo/learning/learner_worker.py,method,LearnerWorker,save,A,2,99,103
sample_factory/algo/learning/learner_worker.py,method,LearnerWorker,save_best,A,2,105,109
sample_factory/algo/learning/learner_worker.py,method,LearnerWorker,init,A,2,128,140
sample_factory/algo/learning/learner_worker.py,method,LearnerWorker,on_new_training_batch,A,2,142,149
sample_factory/algo/learning/learner_worker.py,method,LearnerWorker,on_stop,A,2,155,164
sample_factory/algo/runners/runner.py,method,Runner,_propagate_training_info,A,2,425,444
sample_factory/algo/runners/runner.py,method,Runner,_observers_call,A,2,493,495
sample_factory/algo/runners/runner.py,method,Runner,_after_training_iteration,A,2,686,690
sample_factory/algo/runners/runner_parallel.py,method,ParallelRunner,_start_processes,A,2,52,57
sample_factory/algo/runners/runner_parallel.py,method,ParallelRunner,_on_everything_stopped,A,2,59,65
sample_factory/algo/sampling/evaluation_sampling_api.py,method,SamplingLoop,__init__,A,2,32,80
sample_factory/algo/sampling/evaluation_sampling_api.py,method,SamplingLoop,wait_until_ready,A,2,166,169
sample_factory/algo/sampling/evaluation_sampling_api.py,method,SamplingLoop,yield_trajectory_buffers,A,2,202,207
sample_factory/algo/sampling/evaluation_sampling_api.py,method,EvalSamplingAPI,init,A,2,255,282
sample_factory/algo/sampling/evaluation_sampling_api.py,method,EvalSamplingAPI,eval_episodes,A,2,291,292
sample_factory/algo/sampling/evaluation_sampling_api.py,method,EvalSamplingAPI,start,A,2,300,303
sample_factory/algo/sampling/inference_worker.py,method,InferenceWorker,_get_inference_requests_serial,A,2,343,347
sample_factory/algo/sampling/inference_worker.py,method,InferenceWorker,_run,A,2,362,372
sample_factory/algo/sampling/inference_worker.py,method,InferenceWorker,on_stop,A,2,403,409
sample_factory/algo/sampling/non_batched_sampling.py,method,ActorState,_update_training_info,A,2,103,108
sample_factory/algo/sampling/non_batched_sampling.py,method,ActorState,update_rnn_state,A,2,288,291
sample_factory/algo/sampling/non_batched_sampling.py,method,NonBatchedVectorEnvRunner,__init__,A,2,331,369
sample_factory/algo/sampling/non_batched_sampling.py,method,NonBatchedVectorEnvRunner,_process_rewards,A,2,503,514
sample_factory/algo/sampling/non_batched_sampling.py,method,NonBatchedVectorEnvRunner,close,A,2,701,703
sample_factory/algo/sampling/rollout_worker.py,method,RolloutWorker,_decorrelate_experience,A,2,165,174
sample_factory/algo/sampling/rollout_worker.py,method,RolloutWorker,on_update_training_info,A,2,295,298
sample_factory/algo/sampling/sampler.py,method,Sampler,__init__,A,2,80,95
sample_factory/algo/sampling/sampler.py,method,Sampler,_for_each_rollout_worker,A,2,124,126
sample_factory/algo/sampling/sampler.py,method,Sampler,connect_model_initialized,A,2,153,155
sample_factory/algo/sampling/sampler.py,method,ParallelSampler,join,A,2,293,296
sample_factory/algo/sampling/sampling_utils.py,function,,record_episode_statistics_wrapper_stats,A,2,63,70
sample_factory/algo/sampling/stats.py,function,,stats_msg_handler,A,2,24,27
sample_factory/algo/utils/action_distributions.py,function,,sample_actions_log_probs,A,2,64,70
sample_factory/algo/utils/action_distributions.py,method,CategoricalActionDistribution,sample_gumbel,A,2,128,133
sample_factory/algo/utils/action_distributions.py,method,CategoricalActionDistribution,sample,A,2,135,143
sample_factory/algo/utils/action_distributions.py,method,CategoricalActionDistribution,dbg_print,A,2,182,194
sample_factory/algo/utils/action_distributions.py,method,TupleActionDistribution,sample_actions_log_probs,A,2,244,248
sample_factory/algo/utils/action_distributions.py,method,TupleActionDistribution,sample,A,2,250,252
sample_factory/algo/utils/action_distributions.py,method,TupleActionDistribution,argmax,A,2,254,256
sample_factory/algo/utils/action_distributions.py,method,TupleActionDistribution,entropy,A,2,265,269
sample_factory/algo/utils/action_distributions.py,method,TupleActionDistribution,kl_divergence,A,2,271,276
sample_factory/algo/utils/action_distributions.py,method,TupleActionDistribution,symmetric_kl_with_uniform_prior,A,2,278,282
sample_factory/algo/utils/action_distributions.py,method,TupleActionDistribution,dbg_print,A,2,284,286
sample_factory/algo/utils/context.py,function,,sf_global_context,A,2,16,20
sample_factory/algo/utils/heartbeat.py,method,HeartbeatStoppableEventLoopObject,on_stop,A,2,23,35
sample_factory/algo/utils/make_env.py,method,BatchedMultiAgentWrapper,__init__,A,2,72,78
sample_factory/algo/utils/make_env.py,method,BatchedMultiAgentWrapper,_obs,A,2,80,83
sample_factory/algo/utils/make_env.py,method,BatchedMultiAgentWrapper,step,A,2,89,94
sample_factory/algo/utils/make_env.py,method,NonBatchedDictObservationsWrapper,reset,A,2,124,126
sample_factory/algo/utils/make_env.py,method,NonBatchedDictObservationsWrapper,step,A,2,128,130
sample_factory/algo/utils/make_env.py,method,BatchedListToDictWrapper,reset,A,2,134,138
sample_factory/algo/utils/make_env.py,method,BatchedListToDictWrapper,step,A,2,140,144
sample_factory/algo/utils/make_env.py,method,BatchedVecEnv,_convert,A,2,172,176
sample_factory/algo/utils/make_env.py,method,BatchedVecEnv,step,A,2,221,237
sample_factory/algo/utils/make_env.py,method,SequentialVectorizeWrapper,reset,A,2,273,282
sample_factory/algo/utils/make_env.py,method,SequentialVectorizeWrapper,get_default_reward_shaping,A,2,320,324
sample_factory/algo/utils/make_env.py,method,SequentialVectorizeWrapper,close,A,2,333,335
sample_factory/algo/utils/misc.py,function,,memory_stats,A,2,36,44
sample_factory/algo/utils/model_sharing.py,function,,make_parameter_client,A,2,159,162
sample_factory/algo/utils/model_sharing.py,method,ParameterClientAsync,actor_critic,A,2,104,106
sample_factory/algo/utils/model_sharing.py,method,ParameterClientAsync,_init_local_copy,A,2,108,114
sample_factory/algo/utils/model_sharing.py,method,ParameterClientAsync,on_weights_initialized,A,2,116,126
sample_factory/algo/utils/model_sharing.py,method,ParameterClientAsync,cleanup,A,2,145,156
sample_factory/algo/utils/multiprocessing_utils.py,function,,get_lock,A,2,18,22
sample_factory/algo/utils/multiprocessing_utils.py,function,,get_mp_lock,A,2,25,27
sample_factory/algo/utils/running_mean_std.py,method,RunningMeanStdDictInPlace,forward,A,2,133,136
sample_factory/algo/utils/shared_buffers.py,function,,policy_device,A,2,26,32
sample_factory/algo/utils/tensor_dict.py,function,,clone_tensordict,A,2,72,77
sample_factory/algo/utils/tensor_dict.py,function,,shallow_recursive_copy,A,2,80,88
sample_factory/algo/utils/tensor_dict.py,function,,to_numpy,A,2,101,105
sample_factory/algo/utils/tensor_dict.py,method,TensorDict,__getitem__,A,2,22,28
sample_factory/algo/utils/tensor_dict.py,method,TensorDict,__setitem__,A,2,40,44
sample_factory/algo/utils/tensor_utils.py,function,,clone_tensor,A,2,10,14
sample_factory/algo/utils/tensor_utils.py,function,,unsqueeze_tensor,A,2,17,21
sample_factory/algo/utils/tensor_utils.py,function,,cat_tensors,A,2,24,28
sample_factory/algo/utils/tensor_utils.py,function,,dict_of_lists_cat,A,2,31,33
sample_factory/algo/utils/tensor_utils.py,function,,ensure_torch_tensor,A,2,36,40
sample_factory/algo/utils/tensor_utils.py,function,,ensure_numpy_array,A,2,43,47
sample_factory/algo/utils/torch_utils.py,function,,inference_context,A,2,21,26
sample_factory/algo/utils/torch_utils.py,function,,to_scalar,A,2,43,47
sample_factory/algo/utils/torch_utils.py,function,,masked_select,A,2,51,55
sample_factory/cfg/arguments.py,function,,parse_full_cfg,A,2,55,62
sample_factory/cfg/arguments.py,function,,cfg_dict,A,2,204,208
sample_factory/cfg/arguments.py,function,,cfg_str,A,2,211,216
sample_factory/cfg/arguments.py,function,,maybe_load_from_checkpoint,A,2,263,275
sample_factory/cfg/arguments.py,function,,checkpoint_override_defaults,A,2,278,295
sample_factory/envs/env_utils.py,function,,get_default_reward_shaping,A,2,89,100
sample_factory/envs/env_utils.py,function,,set_training_info,A,2,131,133
sample_factory/envs/env_utils.py,function,,num_env_steps,A,2,136,142
sample_factory/envs/env_wrappers.py,method,RewardScalingWrapper,__init__,A,2,92,95
sample_factory/envs/env_wrappers.py,method,NoopResetEnv,__init__,A,2,279,279
sample_factory/envs/env_wrappers.py,method,EpisodicLifeEnv,step,A,2,338,350
sample_factory/envs/env_wrappers.py,method,EpisodicLifeEnv,reset,A,2,352,366
sample_factory/envs/env_wrappers.py,method,EpisodeCounterWrapper,step,A,2,448,457
sample_factory/envs/pettingzoo_envs.py,function,,all_equal,A,2,51,52
sample_factory/launcher/launcher_utils.py,function,,seeds,A,2,5,6
sample_factory/launcher/run_ngc.py,function,,launch_experiment,A,2,47,65
sample_factory/model/action_parameterization.py,method,ActionParameterizationContinuousNonAdaptiveStddev,forward,A,2,63,76
sample_factory/model/actor_critic.py,function,,default_make_actor_critic_func,A,2,325,334
sample_factory/model/actor_critic.py,method,ActorCritic,__init__,A,2,24,41
sample_factory/model/actor_critic.py,method,ActorCritic,device_for_input_tensor,A,2,64,68
sample_factory/model/actor_critic.py,method,ActorCriticSharedWeights,forward_tail,A,2,168,186
sample_factory/model/actor_critic.py,method,ActorCriticSeparateWeights,__init__,A,2,199,226
sample_factory/model/actor_critic.py,method,ActorCriticSeparateWeights,forward_head,A,2,280,285
sample_factory/model/actor_critic.py,method,ActorCriticSeparateWeights,forward_tail,A,2,290,313
sample_factory/model/core.py,function,,default_make_core_func,A,2,80,86
sample_factory/model/decoder.py,method,MlpDecoder,__init__,A,2,16,25
sample_factory/model/encoder.py,method,MlpEncoder,__init__,A,2,73,80
sample_factory/model/model_utils.py,function,,fc_layer,A,2,38,43
sample_factory/model/model_utils.py,function,,model_device,A,2,68,72
sample_factory/pbt/population_based_training.py,function,,perturb_float,A,2,24,27
sample_factory/pbt/population_based_training.py,method,PopulationBasedTraining,on_connect_components,A,2,184,189
sample_factory/pbt/population_based_training.py,method,PopulationBasedTraining,on_start,A,2,191,195
sample_factory/pbt/population_based_training.py,method,PopulationBasedTraining,_write_pbt_summaries,A,2,291,294
sample_factory/utils/attr_dict.py,method,AttrDict,__getattribute__,A,2,4,8
sample_factory/utils/decay.py,method,LinearDecay,__init__,A,2,5,23
sample_factory/utils/get_available_gpus.py,function,,main,A,2,32,38
sample_factory/utils/normalize.py,method,ObservationNormalizer,summaries,A,2,72,76
sample_factory/utils/timing.py,method,TimingContext,initial_value,A,2,48,51
sample_factory/utils/timing.py,method,Timing,_time_str,A,2,111,112
sample_factory/utils/utils.py,function,,is_module_available,A,2,83,88
sample_factory/utils/utils.py,function,,set_attr_if_exists,A,2,91,93
sample_factory/utils/utils.py,function,,ensure_contigious,A,2,218,221
sample_factory/utils/utils.py,function,,kill,A,2,260,264
sample_factory/utils/utils.py,function,,join_or_kill,A,2,267,272
sample_factory/utils/utils.py,function,,ensure_dir_exists,A,2,361,364
sample_factory/utils/utils.py,function,,maybe_ensure_dir_exists,A,2,367,371
sample_factory/utils/utils.py,function,,safe_ensure_dir_exists,A,2,374,379
sample_factory/utils/utils.py,function,,remove_if_exists,A,2,382,384
sample_factory/utils/utils.py,function,,get_username,A,2,387,393
sample_factory/utils/utils.py,function,,decorate,A,2,127,130
sample_factory/utils/wandb_utils.py,function,,finish_wandb,A,2,68,72
sample_factory/enjoy.py,function,,visualize_policy_inputs,A,3,27,55
sample_factory/export_onnx.py,function,,export_onnx,A,3,155,194
sample_factory/algo/learning/batcher.py,method,SliceMerger,get_exactly,A,3,74,86
sample_factory/algo/learning/learner.py,function,,share_mem,A,3,217,220
sample_factory/algo/learning/learner.py,method,KlAdaptiveScheduler,update,A,3,56,65
sample_factory/algo/learning/learner.py,method,Learner,save_best,A,3,376,386
sample_factory/algo/learning/learner.py,method,Learner,_apply_lr,A,3,492,496
sample_factory/algo/learning/learner.py,method,Learner,_prepare_and_normalize_obs,A,3,925,941
sample_factory/algo/learning/learner_worker.py,function,,init_learner_process,A,3,27,47
sample_factory/algo/runners/runner.py,method,Runner,_learner_steps_handler,A,3,252,260
sample_factory/algo/runners/runner.py,method,Runner,_make_sampler,A,3,516,519
sample_factory/algo/runners/runner.py,method,Runner,init,A,3,521,542
sample_factory/algo/runners/runner.py,method,Runner,_setup_component_heartbeat,A,3,550,566
sample_factory/algo/runners/runner.py,method,Runner,_receive_heartbeat,A,3,568,579
sample_factory/algo/runners/runner.py,method,Runner,_should_end_training,A,3,680,684
sample_factory/algo/runners/runner_parallel.py,method,ParallelRunner,init,A,3,20,46
sample_factory/algo/runners/runner_serial.py,method,SerialRunner,init,A,3,13,27
sample_factory/algo/sampling/batched_sampling.py,method,BatchedVectorEnvRunner,advance_rollouts,A,3,298,357
sample_factory/algo/sampling/batched_sampling.py,method,BatchedVectorEnvRunner,generate_policy_request,A,3,374,388
sample_factory/algo/sampling/evaluation_sampling_api.py,method,SamplingLoop,start,A,3,171,177
sample_factory/algo/sampling/evaluation_sampling_api.py,method,SamplingLoop,on_new_trajectories,A,3,188,200
sample_factory/algo/sampling/evaluation_sampling_api.py,method,SamplingLoop,run,A,3,209,226
sample_factory/algo/sampling/evaluation_sampling_api.py,method,EvalSamplingAPI,eval_env_steps,A,3,295,298
sample_factory/algo/sampling/inference_worker.py,method,InferenceWorker,__init__,A,3,67,134
sample_factory/algo/sampling/inference_worker.py,method,InferenceWorker,_unsqueeze_0dim_tensors,A,3,230,233
sample_factory/algo/sampling/inference_worker.py,method,InferenceWorker,_report_stats,A,3,374,391
sample_factory/algo/sampling/inference_worker.py,method,InferenceWorker,_cache_cleanup,A,3,395,401
sample_factory/algo/sampling/non_batched_sampling.py,method,ActorState,_episodic_stats,A,3,293,310
sample_factory/algo/sampling/non_batched_sampling.py,method,NonBatchedVectorEnvRunner,init,A,3,371,418
sample_factory/algo/sampling/non_batched_sampling.py,method,NonBatchedVectorEnvRunner,_process_env_step,A,3,516,547
sample_factory/algo/sampling/non_batched_sampling.py,method,NonBatchedVectorEnvRunner,_finalize_trajectories,A,3,549,561
sample_factory/algo/sampling/non_batched_sampling.py,method,NonBatchedVectorEnvRunner,generate_policy_request,A,3,678,691
sample_factory/algo/sampling/rollout_worker.py,method,RolloutWorker,_enqueue_policy_request,A,3,198,215
sample_factory/algo/sampling/rollout_worker.py,method,RolloutWorker,on_stop,A,3,300,308
sample_factory/algo/sampling/sampler.py,method,Sampler,_for_each_inference_worker,A,3,119,122
sample_factory/algo/sampling/sync_sampling_api.py,method,SyncSamplingAPI,_on_new_trajectories,A,3,36,49
sample_factory/algo/sampling/sync_sampling_api.py,method,SyncSamplingAPI,get_trajectories_sync,A,3,51,60
sample_factory/algo/utils/action_distributions.py,method,CategoricalActionDistribution,probs,A,3,111,117
sample_factory/algo/utils/action_distributions.py,method,CategoricalActionDistribution,log_probs,A,3,120,126
sample_factory/algo/utils/action_distributions.py,method,TupleActionDistribution,_calc_log_probs,A,3,232,242
sample_factory/algo/utils/env_info.py,function,,check_env_info,A,3,74,92
sample_factory/algo/utils/make_env.py,method,NonBatchedMultiAgentWrapper,step,A,3,113,118
sample_factory/algo/utils/make_env.py,method,BatchedVecEnv,__init__,A,3,152,170
sample_factory/algo/utils/make_env.py,method,SequentialVectorizeWrapper,set_training_info,A,3,313,318
sample_factory/algo/utils/make_env.py,method,SequentialVectorizeWrapper,set_reward_shaping,A,3,326,331
sample_factory/algo/utils/make_env.py,method,NonBatchedVecEnv,__init__,A,3,360,369
sample_factory/algo/utils/multiprocessing_utils.py,function,,get_mp_ctx,A,3,9,15
sample_factory/algo/utils/rl_utils.py,function,,prepare_and_normalize_obs,A,3,36,42
sample_factory/algo/utils/rl_utils.py,function,,calculate_discounted_sum_torch,A,3,52,73
sample_factory/algo/utils/rl_utils.py,function,,gae_advantages,A,3,78,94
sample_factory/algo/utils/tensor_dict.py,method,TensorDict,_index_func,A,3,30,38
sample_factory/algo/utils/torch_utils.py,function,,init_torch_runtime,A,3,12,18
sample_factory/cfg/arguments.py,function,,parse_sf_args,A,3,24,52
sample_factory/cfg/arguments.py,function,,preprocess_cfg,A,3,97,102
sample_factory/envs/env_utils.py,function,,register_env,A,3,12,31
sample_factory/envs/env_utils.py,function,,set_reward_shaping,A,3,103,109
sample_factory/envs/env_wrappers.py,method,ResizeWrapper,_observation,A,3,73,80
sample_factory/envs/env_wrappers.py,method,PixelFormatChwWrapper,observation,A,3,183,191
sample_factory/envs/env_wrappers.py,method,RecordingWrapper,reset,A,3,211,239
sample_factory/envs/env_wrappers.py,method,FireResetEnv,__init__,A,3,309,309
sample_factory/envs/env_wrappers.py,method,FireResetEnv,reset,A,3,314,322
sample_factory/envs/pettingzoo_envs.py,function,,normalize_observation_space,A,3,55,63
sample_factory/envs/pettingzoo_envs.py,function,,normalize_observation,A,3,66,71
sample_factory/envs/pettingzoo_envs.py,function,,normalize_info,A,3,74,79
sample_factory/huggingface/push_to_hub.py,function,,main,A,3,10,57
sample_factory/launcher/run_description.py,method,ParamList,generate_params,A,3,27,34
sample_factory/launcher/run_processes.py,function,,find_least_busy_gpu,A,3,44,54
sample_factory/model/action_parameterization.py,method,ActionParameterizationContinuousNonAdaptiveStddev,__init__,A,3,45,61
sample_factory/model/actor_critic.py,function,,obs_space_without_action_mask,A,3,345,351
sample_factory/model/actor_critic.py,method,ActorCritic,get_action_parameterization,A,3,43,53
sample_factory/model/actor_critic.py,method,ActorCritic,model_to_device,A,3,55,62
sample_factory/model/actor_critic.py,method,ActorCritic,summaries,A,3,101,107
sample_factory/model/actor_critic.py,method,ActorCritic,_maybe_sample_actions,A,3,112,117
sample_factory/model/core.py,method,ModelCoreRNN,__init__,A,3,20,35
sample_factory/model/encoder.py,function,,make_img_encoder,A,3,224,231
sample_factory/model/encoder.py,method,MultiInputEncoder,forward,A,3,56,66
sample_factory/model/model_utils.py,function,,create_mlp,A,3,46,56
sample_factory/model/utils.py,function,,orthogonal_init,A,3,4,9
sample_factory/model/utils.py,function,,he_normal_init,A,3,12,17
sample_factory/utils/dicts.py,function,,dict_of_lists_append,A,3,6,11
sample_factory/utils/dicts.py,function,,dict_of_lists_append_idx,A,3,14,19
sample_factory/utils/dicts.py,function,,iterate_recursively,A,3,22,32
sample_factory/utils/dicts.py,function,,_copy_dict_structure_func,A,3,59,65
sample_factory/utils/dicts.py,function,,get_first_present,A,3,99,103
sample_factory/utils/get_available_gpus.py,function,,get_gpus_without_triggering_pytorch_cuda_initialization,A,3,5,29
sample_factory/utils/gpu_utils.py,function,,set_global_cuda_envvars,A,3,12,19
sample_factory/utils/gpu_utils.py,function,,set_gpus_for_process,A,3,62,85
sample_factory/utils/network.py,function,,is_udp_port_available,A,3,6,15
sample_factory/utils/normalize.py,method,ObservationNormalizer,_clone_tensordict,A,3,40,49
sample_factory/utils/timing.py,method,TimingContext,_record_measurement,A,3,53,62
sample_factory/utils/timing.py,method,Timing,_init_context,A,3,88,99
sample_factory/utils/timing.py,method,Timing,flat_str,A,3,114,122
sample_factory/utils/utils.py,function,,has_file_handler,A,3,58,62
sample_factory/utils/utils.py,function,,init_file_logger,A,3,65,77
sample_factory/utils/utils.py,function,,safe_get,A,3,135,141
sample_factory/utils/utils.py,function,,safe_put_many,A,3,148,156
sample_factory/utils/utils.py,function,,cores_for_worker_process,A,3,314,339
sample_factory/utils/utils.py,function,,get_git_commit_hash,A,3,447,463
sample_factory/utils/utils.py,function,,save_git_diff,A,3,466,473
sample_factory/utils/utils.py,function,,newfn,A,3,171,181
sample_factory/eval.py,function,,_save_eval_results,A,4,61,74
sample_factory/eval.py,function,,generate_trajectories,A,4,77,110
sample_factory/train.py,function,,make_runner,A,4,12,28
sample_factory/algo/learning/batcher.py,method,SliceMerger,merge_slices,A,4,38,56
sample_factory/algo/learning/batcher.py,method,Batcher,__init__,A,4,90,121
sample_factory/algo/learning/batcher.py,method,Batcher,on_new_trajectories,A,4,158,168
sample_factory/algo/learning/batcher.py,method,Batcher,on_training_batch_released,A,4,220,234
sample_factory/algo/runners/runner.py,method,Runner,_train_stats_handler,A,4,281,289
sample_factory/algo/runners/runner.py,method,Runner,_update_stats_and_print_report,A,4,345,366
sample_factory/algo/runners/runner.py,method,Runner,connect_components,A,4,626,678
sample_factory/algo/runners/runner.py,method,Runner,_stop_training,A,4,692,708
sample_factory/algo/runners/runner.py,method,Runner,_on_everything_stopped,A,4,736,746
sample_factory/algo/runners/runner.py,method,Runner,run,A,4,749,766
sample_factory/algo/sampling/batched_sampling.py,method,BatchedVectorEnvRunner,update_trajectory_buffers,A,4,359,372
sample_factory/algo/sampling/inference_worker.py,function,,init_inference_process,A,4,43,63
sample_factory/algo/sampling/inference_worker.py,method,InferenceWorker,_batch_slices,A,4,183,205
sample_factory/algo/sampling/inference_worker.py,method,InferenceWorker,_batch_individual_steps,A,4,207,227
sample_factory/algo/sampling/inference_worker.py,method,InferenceWorker,_handle_policy_steps,A,4,313,341
sample_factory/algo/sampling/inference_worker.py,method,InferenceWorker,_get_inference_requests_async,A,4,349,360
sample_factory/algo/sampling/non_batched_sampling.py,method,ActorState,_process_action_space,A,4,161,173
sample_factory/algo/sampling/non_batched_sampling.py,method,NonBatchedVectorEnvRunner,_prepare_next_step,A,4,591,612
sample_factory/algo/sampling/rollout_worker.py,method,RolloutWorker,init,A,4,134,163
sample_factory/algo/sampling/rollout_worker.py,method,RolloutWorker,_maybe_send_policy_request,A,4,176,196
sample_factory/algo/sampling/rollout_worker.py,method,RolloutWorker,_enqueue_complete_rollouts,A,4,217,227
sample_factory/algo/sampling/sampler.py,method,Sampler,_connect_internal_components,A,4,132,151
sample_factory/algo/sampling/sampler.py,method,SerialSampler,__init__,A,4,208,229
sample_factory/algo/sampling/sampler.py,method,ParallelSampler,__init__,A,4,239,276
sample_factory/algo/sampling/sampling_utils.py,function,,rollout_worker_device,A,4,50,60
sample_factory/algo/sampling/stats.py,function,,timing_msg_handler,A,4,14,21
sample_factory/algo/utils/action_distributions.py,function,,argmax_actions,A,4,73,81
sample_factory/algo/utils/agent_policy_mapping.py,method,AgentPolicyMapping,__init__,A,4,21,36
sample_factory/algo/utils/env_info.py,function,,extract_env_info,A,4,41,71
sample_factory/algo/utils/gymnasium_utils.py,function,,patch_non_gymnasium_env,A,4,22,36
sample_factory/algo/utils/make_env.py,function,,get_multiagent_info,A,4,36,40
sample_factory/algo/utils/make_env.py,method,SequentialVectorizeWrapper,step,A,4,284,311
sample_factory/algo/utils/model_sharing.py,method,ParameterClientAsync,ensure_weights_updated,A,4,128,142
sample_factory/algo/utils/optimizers.py,method,Lamb,zero_grad,A,4,52,56
sample_factory/algo/utils/optimizers.py,method,Lamb,step,A,4,173,189
sample_factory/algo/utils/rl_utils.py,function,,make_dones,A,4,100,110
sample_factory/algo/utils/running_mean_std.py,function,,running_mean_std_summaries,A,4,139,152
sample_factory/algo/utils/running_mean_std.py,method,RunningMeanStdDictInPlace,__init__,A,4,114,129
sample_factory/algo/utils/torch_utils.py,function,,synchronize,A,4,58,66
sample_factory/envs/create_env.py,function,,create_env,A,4,13,46
sample_factory/envs/env_utils.py,function,,find_wrapper_interface,A,4,62,71
sample_factory/envs/env_utils.py,function,,wrapper,A,4,46,55
sample_factory/envs/env_wrappers.py,method,ResizeWrapper,__init__,A,4,28,44
sample_factory/envs/env_wrappers.py,method,ResizeWrapper,_convert_obs,A,4,60,71
sample_factory/envs/env_wrappers.py,method,RecordingWrapper,step,A,4,247,263
sample_factory/envs/pettingzoo_envs.py,method,PettingZooParallelEnv,reset,A,4,24,28
sample_factory/huggingface/huggingface_utils.py,function,,generate_model_card,A,4,43,120
sample_factory/launcher/run.py,function,,launcher_argparser,A,4,13,45
sample_factory/launcher/run_description.py,method,RunDescription,generate_experiments,A,4,174,187
sample_factory/launcher/run_ngc.py,function,,run_ngc,A,4,29,72
sample_factory/launcher/run_processes.py,function,,can_squeeze_another_process,A,4,56,65
sample_factory/model/encoder.py,method,MultiInputEncoder,__init__,A,4,34,54
sample_factory/model/encoder.py,method,ConvEncoderImpl,__init__,A,4,97,113
sample_factory/model/encoder.py,method,ConvEncoder,__init__,A,4,123,144
sample_factory/model/encoder.py,method,ResnetEncoder,__init__,A,4,174,212
sample_factory/model/model_utils.py,function,,get_rnn_size,A,4,11,24
sample_factory/model/model_utils.py,function,,nonlinearity,A,4,27,35
sample_factory/pbt/population_based_training.py,method,PopulationBasedTraining,_perturb,A,4,232,249
sample_factory/pbt/population_based_training.py,method,PopulationBasedTraining,on_saved_model,A,4,367,387
sample_factory/utils/dicts.py,function,,iterate_recursively_with_prefix,A,4,35,49
sample_factory/utils/dicts.py,function,,iter_dicts_recursively,A,4,68,80
sample_factory/utils/gifs.py,function,,encode_gif,A,4,4,41
sample_factory/utils/gpu_utils.py,function,,get_available_gpus,A,4,22,28
sample_factory/utils/normalize.py,method,ObservationNormalizer,__init__,A,4,25,37
sample_factory/utils/tb.py,function,,tb_version,A,4,19,30
sample_factory/utils/utils.py,function,,op_with_idx,A,4,105,115
sample_factory/utils/utils.py,function,,list_child_processes,A,4,275,287
sample_factory/utils/utils.py,function,,set_process_cpu_affinity,A,4,342,355
sample_factory/utils/utils.py,function,,git_root,A,4,428,444
sample_factory/utils/utils.py,function,,log_every_n,A,4,480,493
sample_factory/export_onnx.py,method,OnnxExporter,forward,A,5,38,62
sample_factory/algo/learning/learner.py,function,,get_lr_scheduler,A,5,103,113
sample_factory/algo/learning/learner.py,method,Learner,load_checkpoint,A,5,268,287
sample_factory/algo/learning/rnn_utils.py,function,,_build_pack_info_from_dones,A,5,11,111
sample_factory/algo/runners/runner.py,method,Runner,_get_perf_stats,A,5,291,312
sample_factory/algo/sampling/batched_sampling.py,method,BatchedVectorEnvRunner,init,A,5,154,206
sample_factory/algo/sampling/non_batched_sampling.py,method,ActorState,record_env_step,A,5,175,217
sample_factory/algo/sampling/non_batched_sampling.py,method,NonBatchedVectorEnvRunner,_format_policy_request,A,5,563,589
sample_factory/algo/sampling/non_batched_sampling.py,method,NonBatchedVectorEnvRunner,advance_rollouts,A,5,614,647
sample_factory/algo/sampling/rollout_worker.py,method,RolloutWorker,advance_rollouts,A,5,229,259
sample_factory/algo/sampling/sampler.py,method,Sampler,_inference_worker_ready,A,5,177,194
sample_factory/algo/utils/action_distributions.py,function,,calc_num_action_parameters,A,5,28,38
sample_factory/algo/utils/action_distributions.py,function,,get_action_distribution,A,5,45,61
sample_factory/algo/utils/env_info.py,function,,obtain_env_info_in_a_separate_process,A,5,111,134
sample_factory/algo/utils/gymnasium_utils.py,function,,convert_space,A,5,96,128
sample_factory/algo/utils/make_env.py,method,SequentialVectorizeWrapper,__init__,A,5,243,271
sample_factory/algo/utils/optimizers.py,method,Lamb,_compute_adam_step,A,5,58,95
sample_factory/algo/utils/running_mean_std.py,method,RunningMeanStdInPlace,__init__,A,5,23,47
sample_factory/algo/utils/tensor_dict.py,function,,tensor_dict_to_numpy,A,5,91,98
sample_factory/algo/utils/tensor_dict.py,function,,cat_tensordicts,A,5,108,125
sample_factory/cfg/arguments.py,function,,postprocess_args,A,5,65,94
sample_factory/envs/env_wrappers.py,method,ResizeWrapper,_calc_new_obs_space,A,5,46,58
sample_factory/envs/env_wrappers.py,method,TimeLimitWrapper,step,A,5,117,128
sample_factory/envs/env_wrappers.py,method,NoopResetEnv,reset,A,5,286,299
sample_factory/envs/env_wrappers.py,method,MaxAndSkipEnv,step,A,5,383,405
sample_factory/launcher/run.py,function,,main,A,5,53,73
sample_factory/launcher/run_description.py,method,ParamGrid,_generate_combinations,A,5,45,60
sample_factory/model/actor_critic.py,method,ActorCriticSeparateWeights,_core_rnn,A,5,228,273
sample_factory/pbt/population_based_training.py,method,PopulationBasedTraining,_perturb_reward,A,5,255,271
sample_factory/utils/decay.py,method,LinearDecay,at,A,5,25,47
sample_factory/utils/dicts.py,function,,list_of_dicts_to_dict_of_lists,A,5,83,96
sample_factory/utils/normalize.py,method,ObservationNormalizer,forward,A,5,51,70
sample_factory/utils/wandb_utils.py,function,,init_wandb,A,5,6,65
sample_factory/eval.py,function,,_print_eval_summaries,B,6,30,58
sample_factory/algo/learning/learner.py,method,Learner,_calculate_losses,B,6,537,669
sample_factory/algo/learning/learner.py,method,Learner,train,B,6,1036,1067
sample_factory/algo/runners/runner.py,method,Runner,_handle_restart,B,6,207,230
sample_factory/algo/runners/runner.py,method,Runner,_save_best_policy,B,6,459,475
sample_factory/algo/sampling/batched_sampling.py,function,,preprocess_actions,B,6,30,59
sample_factory/algo/sampling/inference_worker.py,method,InferenceWorker,init,B,6,142,173
sample_factory/algo/sampling/non_batched_sampling.py,method,ActorState,curr_actions,B,6,139,158
sample_factory/algo/sampling/non_batched_sampling.py,method,NonBatchedVectorEnvRunner,_reset,B,6,420,447
sample_factory/algo/utils/action_distributions.py,function,,calc_num_actions,B,6,14,25
sample_factory/algo/utils/action_distributions.py,method,TupleActionDistribution,__init__,B,6,214,225
sample_factory/algo/utils/agent_policy_mapping.py,method,AgentPolicyMapping,get_policy_for_agent,B,6,39,59
sample_factory/algo/utils/make_env.py,method,BatchedVecEnv,reset,B,6,207,219
sample_factory/algo/utils/optimizers.py,method,Lamb,__init__,B,6,15,50
sample_factory/algo/utils/shared_buffers.py,function,,alloc_trajectory_tensors,B,6,79,117
sample_factory/algo/utils/shared_buffers.py,function,,alloc_policy_output_tensors,B,6,120,149
sample_factory/envs/pettingzoo_envs.py,method,PettingZooParallelEnv,__init__,B,6,9,22
sample_factory/model/core.py,method,ModelCoreRNN,forward,B,6,37,64
sample_factory/pbt/population_based_training.py,method,PopulationBasedTraining,_write_dict_summaries,B,6,278,289
sample_factory/utils/utils.py,function,,str2bool,B,6,191,199
sample_factory/export_onnx.py,function,,generate_args,B,7,91,95
sample_factory/export_onnx.py,function,,sample_space,B,7,102,112
sample_factory/export_onnx.py,function,,unsqueeze_args,B,7,115,125
sample_factory/algo/learning/learner.py,method,Learner,_save_impl,B,7,334,360
sample_factory/algo/learning/learner.py,method,Learner,_maybe_update_cfg,B,7,394,413
sample_factory/algo/runners/runner.py,method,Runner,_episodic_stats_handler,B,7,263,278
sample_factory/algo/runners/runner.py,method,Runner,print_stats,B,7,314,343
sample_factory/algo/sampling/batched_sampling.py,function,,process_action_space,B,7,62,82
sample_factory/algo/sampling/evaluation_sampling_api.py,method,SamplingLoop,init,B,7,91,123
sample_factory/algo/sampling/inference_worker.py,method,InferenceWorker,_prepare_policy_outputs_batched,B,7,235,269
sample_factory/algo/sampling/inference_worker.py,method,InferenceWorker,_prepare_policy_outputs_non_batched,B,7,271,311
sample_factory/algo/sampling/rollout_worker.py,method,RolloutWorker,on_trajectory_buffers_available,B,7,261,293
sample_factory/algo/utils/make_env.py,method,BatchedVecEnv,_get_convert_func,B,7,179,197
sample_factory/pbt/population_based_training.py,method,PopulationBasedTraining,__init__,B,7,108,138
sample_factory/pbt/population_based_training.py,method,PopulationBasedTraining,_perturb_param,B,7,209,230
sample_factory/utils/gpu_utils.py,function,,gpus_for_process,B,7,31,59
sample_factory/algo/learning/learner.py,method,Learner,_get_minibatches,B,8,498,526
sample_factory/algo/runners/runner.py,method,Runner,__init__,B,8,81,184
sample_factory/algo/sampling/evaluation_sampling_api.py,method,SamplingLoop,_episodic_stats_handler,B,8,145,164
sample_factory/algo/sampling/non_batched_sampling.py,method,ActorState,finalize_trajectory,B,8,219,286
sample_factory/algo/sampling/non_batched_sampling.py,method,NonBatchedVectorEnvRunner,_process_policy_outputs,B,8,449,501
sample_factory/algo/sampling/non_batched_sampling.py,method,NonBatchedVectorEnvRunner,update_trajectory_buffers,B,8,649,676
sample_factory/algo/utils/gymnasium_utils.py,function,,_patch_env,B,8,39,93
sample_factory/algo/utils/optimizers.py,method,Lamb,_step_flat_params,B,8,137,171
sample_factory/algo/utils/shared_buffers.py,function,,init_tensor,B,8,35,57
sample_factory/envs/pettingzoo_envs.py,method,PettingZooParallelEnv,step,B,8,30,42
sample_factory/huggingface/huggingface_utils.py,function,,generate_replay_video,B,8,13,40
sample_factory/utils/tb.py,function,,main,B,8,33,87
sample_factory/utils/timing.py,method,Timing,_tree_str_func,B,8,125,146
sample_factory/utils/utils.py,function,,kill_processes,B,8,290,311
sample_factory/algo/runners/runner.py,method,Runner,_process_msg,B,9,232,249
sample_factory/algo/runners/runner.py,method,Runner,_component_stopped,B,9,710,734
sample_factory/algo/sampling/evaluation_sampling_api.py,method,SamplingLoop,_process_msg,B,9,125,142
sample_factory/algo/sampling/rollout_worker.py,function,,init_rollout_worker_process,B,9,33,76
sample_factory/algo/sampling/rollout_worker.py,method,RolloutWorker,__init__,B,9,80,129
sample_factory/algo/utils/tensor_dict.py,method,TensorDict,_set_data_func,B,9,46,69
sample_factory/cfg/arguments.py,function,,load_from_checkpoint,B,9,227,260
sample_factory/envs/env_wrappers.py,method,PixelFormatChwWrapper,__init__,B,9,134,177
sample_factory/launcher/run_description.py,method,ParamGrid,generate_params,B,9,62,86
sample_factory/launcher/run_slurm.py,function,,run_slurm,B,9,61,148
sample_factory/pbt/population_based_training.py,method,PopulationBasedTraining,on_init,B,9,140,182
sample_factory/enjoy.py,function,,render_frame,B,10,58,82
sample_factory/algo/learning/batcher.py,method,Batcher,_release_traj_tensors,B,10,240,267
sample_factory/algo/learning/learner.py,method,Learner,init,B,10,178,255
sample_factory/algo/learning/learner.py,method,Learner,_record_summaries,B,10,843,923
sample_factory/algo/learning/learner.py,method,Learner,_prepare_batch,B,10,943,1034
sample_factory/algo/utils/optimizers.py,method,Lamb,_step_list_params,B,10,97,135
sample_factory/launcher/run_description.py,method,Experiment,generate_experiments,B,10,100,140
sample_factory/model/actor_critic.py,method,ActorCritic,initialize_weights,B,10,73,96
sample_factory/pbt/population_based_training.py,method,PopulationBasedTraining,on_training_step,B,10,389,415
sample_factory/algo/learning/batcher.py,method,Batcher,_maybe_enqueue_new_training_batches,C,11,170,218
sample_factory/algo/utils/running_mean_std.py,method,RunningMeanStdInPlace,forward,C,11,64,110
sample_factory/pbt/population_based_training.py,method,PopulationBasedTraining,_update_policy,C,11,296,365
sample_factory/algo/runners/runner.py,method,Runner,_check_heartbeat,C,12,581,619
sample_factory/algo/utils/tensor_dict.py,function,,find_invalid_data,C,12,128,156
sample_factory/algo/utils/shared_buffers.py,method,BufferMgr,__init__,C,13,153,239
sample_factory/algo/runners/runner.py,method,Runner,_report_experiment_summaries,C,18,368,423
sample_factory/cfg/arguments.py,function,,verify_cfg,C,18,105,201
sample_factory/algo/sampling/batched_sampling.py,method,BatchedVectorEnvRunner,_process_env_step,C,19,215,287
sample_factory/launcher/run_processes.py,function,,run,C,19,30,142
sample_factory/algo/learning/learner.py,method,Learner,_train,C,20,671,841
sample_factory/enjoy.py,function,,enjoy,F,42,103,291
