arquivo,mi,rank_mi
sample_factory/algo/learning/learner.py,13.6076,B
sample_factory/algo/runners/runner.py,14.7664,B
sample_factory/pbt/population_based_training.py,36.9162,A
sample_factory/algo/sampling/inference_worker.py,37.177,A
sample_factory/envs/env_wrappers.py,38.7827,A
sample_factory/algo/sampling/non_batched_sampling.py,39.3284,A
sample_factory/enjoy.py,39.5535,A
sample_factory/algo/utils/action_distributions.py,39.724,A
sample_factory/utils/utils.py,40.2332,A
sample_factory/algo/utils/make_env.py,40.326,A
sample_factory/algo/sampling/evaluation_sampling_api.py,41.1292,A
sample_factory/huggingface/huggingface_utils.py,43.0212,A
sample_factory/utils/timing.py,43.1441,A
sample_factory/model/actor_critic.py,44.4246,A
sample_factory/algo/learning/batcher.py,44.6222,A
sample_factory/launcher/run_processes.py,45.4925,A
sample_factory/algo/sampling/sampler.py,46.5019,A
sample_factory/algo/utils/optimizers.py,47.3626,A
sample_factory/algo/utils/running_mean_std.py,48.795,A
sample_factory/algo/sampling/batched_sampling.py,49.2034,A
sample_factory/model/encoder.py,50.5063,A
sample_factory/algo/sampling/rollout_worker.py,50.6453,A
sample_factory/cfg/arguments.py,51.0795,A
sample_factory/algo/learning/learner_worker.py,51.2423,A
sample_factory/algo/utils/shared_buffers.py,52.1216,A
sample_factory/launcher/run_description.py,53.3165,A
sample_factory/algo/utils/tensor_dict.py,53.8728,A
sample_factory/model/model_utils.py,55.2597,A
sample_factory/eval.py,55.5178,A
sample_factory/model/core.py,56.0515,A
sample_factory/envs/pettingzoo_envs.py,56.5903,A
sample_factory/launcher/run.py,56.8114,A
sample_factory/algo/utils/model_sharing.py,56.8163,A
sample_factory/algo/runners/runner_parallel.py,57.4385,A
sample_factory/launcher/run_slurm.py,57.4502,A
sample_factory/cfg/cfg.py,58.6469,A
sample_factory/algo/utils/multiprocessing_utils.py,59.2109,A
sample_factory/export_onnx.py,59.8268,A
sample_factory/huggingface/push_to_hub.py,60.7824,A
sample_factory/utils/gifs.py,61.1823,A
sample_factory/utils/get_available_gpus.py,61.2862,A
sample_factory/utils/tb.py,62.4558,A
sample_factory/algo/utils/env_info.py,62.8046,A
sample_factory/algo/utils/torch_utils.py,63.0136,A
sample_factory/model/decoder.py,64.0915,A
sample_factory/algo/utils/rl_utils.py,64.479,A
sample_factory/model/utils.py,67.0177,A
sample_factory/utils/dicts.py,67.9657,A
sample_factory/launcher/run_ngc.py,69.833,A
sample_factory/algo/learning/rnn_utils.py,69.8547,A
sample_factory/utils/gpu_utils.py,70.3295,A
sample_factory/algo/sampling/sync_sampling_api.py,70.448,A
sample_factory/envs/env_utils.py,71.7278,A
sample_factory/algo/utils/misc.py,72.6596,A
sample_factory/model/action_parameterization.py,72.7702,A
sample_factory/huggingface/load_from_hub.py,73.1757,A
sample_factory/utils/wandb_utils.py,75.1965,A
sample_factory/algo/runners/runner_serial.py,75.6784,A
sample_factory/algo/utils/gymnasium_utils.py,75.7297,A
sample_factory/utils/normalize.py,76.1182,A
sample_factory/utils/attr_dict.py,76.4202,A
sample_factory/algo/sampling/sampling_utils.py,77.057,A
sample_factory/algo/utils/agent_policy_mapping.py,77.3052,A
sample_factory/utils/decay.py,79.9726,A
sample_factory/train.py,82.3764,A
sample_factory/algo/utils/spaces/discretized.py,83.386,A
sample_factory/envs/create_env.py,87.606,A
sample_factory/algo/utils/heartbeat.py,88.9871,A
sample_factory/algo/sampling/stats.py,90.8218,A
sample_factory/algo/utils/context.py,93.1485,A
sample_factory/__init__.py,100.0,A
sample_factory/algo/__init__.py,100.0,A
sample_factory/algo/evaluators/default_evaluator.py,100.0,A
sample_factory/algo/evaluators/__init__.py,100.0,A
sample_factory/algo/learning/__init__.py,100.0,A
sample_factory/algo/runners/__init__.py,100.0,A
sample_factory/algo/sampling/__init__.py,100.0,A
sample_factory/algo/utils/tensor_utils.py,100.0,A
sample_factory/algo/utils/__init__.py,100.0,A
sample_factory/algo/utils/spaces/__init__.py,100.0,A
sample_factory/cfg/configurable.py,100.0,A
sample_factory/cfg/__init__.py,100.0,A
sample_factory/envs/__init__.py,100.0,A
sample_factory/huggingface/__init__.py,100.0,A
sample_factory/launcher/launcher_utils.py,100.0,A
sample_factory/launcher/__init__.py,100.0,A
sample_factory/model/model_factory.py,100.0,A
sample_factory/model/__init__.py,100.0,A
sample_factory/pbt/__init__.py,100.0,A
sample_factory/utils/algo_version.py,100.0,A
sample_factory/utils/network.py,100.0,A
sample_factory/utils/typing.py,100.0,A
sample_factory/utils/__init__.py,100.0,A
