arquivo,escopo,nome,h1,h2,N1,N2,vocabulary,length,calculated_length,volume,difficulty,effort,time,bugs
sample_factory/__init__.py,arquivo,,0,0,0,0,0,0,0,0,0,0,0,0
sample_factory/algo/__init__.py,arquivo,,0,0,0,0,0,0,0,0,0,0,0,0
sample_factory/algo/evaluators/default_evaluator.py,arquivo,,0,0,0,0,0,0,0,0,0,0,0,0
sample_factory/algo/evaluators/__init__.py,arquivo,,0,0,0,0,0,0,0,0,0,0,0,0
sample_factory/algo/learning/__init__.py,arquivo,,0,0,0,0,0,0,0,0,0,0,0,0
sample_factory/algo/runners/__init__.py,arquivo,,0,0,0,0,0,0,0,0,0,0,0,0
sample_factory/algo/sampling/__init__.py,arquivo,,0,0,0,0,0,0,0,0,0,0,0,0
sample_factory/algo/utils/tensor_utils.py,arquivo,,0,0,0,0,0,0,0,0,0,0,0,0
sample_factory/algo/utils/__init__.py,arquivo,,0,0,0,0,0,0,0,0,0,0,0,0
sample_factory/algo/utils/spaces/__init__.py,arquivo,,0,0,0,0,0,0,0,0,0,0,0,0
sample_factory/cfg/configurable.py,arquivo,,0,0,0,0,0,0,0,0,0,0,0,0
sample_factory/cfg/__init__.py,arquivo,,0,0,0,0,0,0,0,0,0,0,0,0
sample_factory/envs/__init__.py,arquivo,,0,0,0,0,0,0,0,0,0,0,0,0
sample_factory/huggingface/__init__.py,arquivo,,0,0,0,0,0,0,0,0,0,0,0,0
sample_factory/launcher/launcher_utils.py,arquivo,,0,0,0,0,0,0,0,0,0,0,0,0
sample_factory/launcher/__init__.py,arquivo,,0,0,0,0,0,0,0,0,0,0,0,0
sample_factory/model/model_factory.py,arquivo,,0,0,0,0,0,0,0,0,0,0,0,0
sample_factory/model/__init__.py,arquivo,,0,0,0,0,0,0,0,0,0,0,0,0
sample_factory/pbt/__init__.py,arquivo,,0,0,0,0,0,0,0,0,0,0,0,0
sample_factory/utils/algo_version.py,arquivo,,0,0,0,0,0,0,0,0,0,0,0,0
sample_factory/utils/network.py,arquivo,,0,0,0,0,0,0,0,0,0,0,0,0
sample_factory/utils/typing.py,arquivo,,0,0,0,0,0,0,0,0,0,0,0,0
sample_factory/utils/__init__.py,arquivo,,0,0,0,0,0,0,0,0,0,0,0,0
sample_factory/algo/runners/runner_parallel.py,arquivo,,1,2,1,2,3,3,2.0,4.7549,0.5,2.3774,0.1321,0.0016
sample_factory/algo/utils/context.py,arquivo,,1,2,1,2,3,3,2.0,4.7549,0.5,2.3774,0.1321,0.0016
sample_factory/algo/utils/heartbeat.py,arquivo,,1,2,1,2,3,3,2.0,4.7549,0.5,2.3774,0.1321,0.0016
sample_factory/huggingface/load_from_hub.py,arquivo,,1,2,1,2,3,3,2.0,4.7549,0.5,2.3774,0.1321,0.0016
sample_factory/model/decoder.py,arquivo,,1,2,1,2,3,3,2.0,4.7549,0.5,2.3774,0.1321,0.0016
sample_factory/utils/attr_dict.py,arquivo,,1,2,1,2,3,3,2.0,4.7549,0.5,2.3774,0.1321,0.0016
sample_factory/algo/sampling/sync_sampling_api.py,arquivo,,1,2,2,2,3,4,2.0,6.3399,0.5,3.1699,0.1761,0.0021
sample_factory/cfg/cfg.py,arquivo,,1,1,2,2,2,4,0,4.0,1.0,4.0,0.2222,0.0013
sample_factory/train.py,arquivo,,1,4,2,4,5,6,8.0,13.9316,0.5,6.9658,0.387,0.0046
sample_factory/algo/utils/multiprocessing_utils.py,arquivo,,1,4,2,4,5,6,8.0,13.9316,0.5,6.9658,0.387,0.0046
sample_factory/model/utils.py,arquivo,,1,4,2,4,5,6,8.0,13.9316,0.5,6.9658,0.387,0.0046
sample_factory/algo/sampling/sampler.py,arquivo,,2,3,2,3,5,5,6.7549,11.6096,1.0,11.6096,0.645,0.0039
sample_factory/algo/sampling/sampling_utils.py,arquivo,,2,3,2,3,5,5,6.7549,11.6096,1.0,11.6096,0.645,0.0039
sample_factory/huggingface/push_to_hub.py,arquivo,,2,3,2,3,5,5,6.7549,11.6096,1.0,11.6096,0.645,0.0039
sample_factory/algo/runners/runner_serial.py,arquivo,,2,4,2,4,6,6,10.0,15.5098,1.0,15.5098,0.8617,0.0052
sample_factory/algo/sampling/stats.py,arquivo,,2,4,2,4,6,6,10.0,15.5098,1.0,15.5098,0.8617,0.0052
sample_factory/utils/get_available_gpus.py,arquivo,,2,4,2,4,6,6,10.0,15.5098,1.0,15.5098,0.8617,0.0052
sample_factory/utils/wandb_utils.py,arquivo,,3,5,3,5,8,8,16.3645,24.0,1.5,36.0,2.0,0.008
sample_factory/algo/utils/env_info.py,arquivo,,3,6,3,6,9,9,20.2647,28.5293,1.5,42.794,2.3774,0.0095
sample_factory/utils/gifs.py,arquivo,,2,6,4,8,8,12,17.5098,36.0,1.3333,48.0,2.6667,0.012
sample_factory/envs/create_env.py,arquivo,,3,5,3,6,8,9,16.3645,27.0,1.8,48.6,2.7,0.009
sample_factory/launcher/run.py,arquivo,,1,10,7,14,11,21,33.2193,72.6481,0.7,50.8536,2.8252,0.0242
sample_factory/algo/utils/misc.py,arquivo,,3,6,4,7,9,11,20.2647,34.8692,1.75,61.0211,3.3901,0.0116
sample_factory/launcher/run_ngc.py,arquivo,,4,7,4,7,11,11,27.6515,38.0537,2.0,76.1075,4.2282,0.0127
sample_factory/algo/utils/torch_utils.py,arquivo,,3,10,5,10,13,15,37.9742,55.5066,1.5,83.2599,4.6255,0.0185
sample_factory/export_onnx.py,arquivo,,4,6,4,7,10,11,23.5098,36.5412,2.3333,85.2628,4.7368,0.0122
sample_factory/algo/learning/learner_worker.py,arquivo,,4,8,5,8,12,13,32.0,46.6045,2.0,93.209,5.1783,0.0155
sample_factory/algo/utils/gymnasium_utils.py,arquivo,,3,12,9,12,15,21,47.7744,82.0447,1.5,123.0671,6.8371,0.0273
sample_factory/algo/utils/spaces/discretized.py,arquivo,,4,9,5,10,13,15,36.5293,55.5066,2.2222,123.348,6.8527,0.0185
sample_factory/launcher/run_slurm.py,arquivo,,5,10,6,11,15,17,44.8289,66.4171,2.75,182.6471,10.1471,0.0221
sample_factory/envs/env_utils.py,arquivo,,5,12,6,12,17,18,54.6292,73.5743,2.5,183.9358,10.2187,0.0245
sample_factory/utils/tb.py,arquivo,,5,11,6,12,16,18,49.6634,72.0,2.7273,196.3636,10.9091,0.024
sample_factory/utils/dicts.py,arquivo,,4,14,8,15,18,23,61.303,95.9083,2.1429,205.5177,11.4177,0.032
sample_factory/model/action_parameterization.py,arquivo,,5,7,6,11,12,17,31.2611,60.9444,3.9286,239.4243,13.3013,0.0203
sample_factory/model/model_utils.py,arquivo,,4,13,9,17,17,26,56.1057,106.274,2.6154,277.9475,15.4415,0.0354
sample_factory/model/core.py,arquivo,,4,8,10,14,12,24,32.0,86.0391,3.5,301.1369,16.7298,0.0287
sample_factory/envs/pettingzoo_envs.py,arquivo,,4,23,13,23,27,36,112.0419,171.176,2.0,342.3519,19.0196,0.0571
sample_factory/utils/normalize.py,arquivo,,7,15,8,16,22,24,78.2548,107.0264,3.7333,399.5651,22.1981,0.0357
sample_factory/model/encoder.py,arquivo,,4,18,13,24,22,37,83.0587,164.999,2.6667,439.9973,24.4443,0.055
sample_factory/algo/utils/model_sharing.py,arquivo,,9,18,10,19,27,29,103.588,137.8917,4.75,654.9858,36.3881,0.046
sample_factory/utils/gpu_utils.py,arquivo,,9,19,11,20,28,31,109.2399,149.028,4.7368,705.9221,39.2179,0.0497
sample_factory/utils/timing.py,arquivo,,8,23,14,26,31,40,128.0419,198.1679,4.5217,896.0633,49.7813,0.0661
sample_factory/algo/utils/agent_policy_mapping.py,arquivo,,9,22,13,25,31,38,126.6368,188.2595,5.1136,962.6904,53.4828,0.0628
sample_factory/huggingface/huggingface_utils.py,arquivo,,8,21,14,27,29,41,116.2387,199.1772,5.1429,1024.34,56.9078,0.0664
sample_factory/model/actor_critic.py,arquivo,,7,29,17,33,36,50,160.5329,258.4963,3.9828,1029.5282,57.196,0.0862
sample_factory/algo/utils/tensor_dict.py,arquivo,,10,24,14,27,34,41,143.2584,208.586,5.625,1173.2961,65.1831,0.0695
sample_factory/eval.py,arquivo,,8,23,17,31,31,48,128.0419,237.8014,5.3913,1282.0598,71.2255,0.0793
sample_factory/algo/learning/rnn_utils.py,arquivo,,7,23,22,37,30,59,123.6934,289.5065,5.6304,1630.0477,90.5582,0.0965
sample_factory/launcher/run_description.py,arquivo,,8,29,22,39,37,61,164.8814,317.7767,5.3793,1709.4192,94.9677,0.1059
sample_factory/algo/sampling/evaluation_sampling_api.py,arquivo,,12,33,19,36,45,55,209.4846,302.0519,6.5455,1977.0671,109.8371,0.1007
sample_factory/launcher/run_processes.py,arquivo,,10,27,19,37,37,56,161.6012,291.7294,6.8519,1998.8866,111.0493,0.0972
sample_factory/utils/decay.py,arquivo,,10,27,22,42,37,64,161.6012,333.405,7.7778,2593.1501,144.0639,0.1111
sample_factory/algo/learning/batcher.py,arquivo,,10,38,28,52,48,80,232.6405,446.797,6.8421,3057.0321,169.8351,0.1489
sample_factory/algo/utils/rl_utils.py,arquivo,,9,54,34,64,63,98,339.2933,585.7734,5.3333,3124.125,173.5625,0.1953
sample_factory/algo/utils/make_env.py,arquivo,,13,37,26,46,50,72,240.8555,406.3576,8.0811,3283.8091,182.4338,0.1355
sample_factory/algo/utils/shared_buffers.py,arquivo,,11,46,34,60,57,94,292.1376,548.2917,7.1739,3933.3967,218.522,0.1828
sample_factory/algo/utils/running_mean_std.py,arquivo,,12,55,37,70,67,107,360.9943,649.0715,7.6364,4956.5463,275.3637,0.2164
sample_factory/algo/sampling/inference_worker.py,arquivo,,15,58,35,64,73,99,398.3663,612.7926,8.2759,5071.3873,281.7437,0.2043
sample_factory/algo/utils/action_distributions.py,arquivo,,9,84,59,97,93,156,565.484,1020.1088,5.1964,5300.9224,294.4957,0.34
sample_factory/algo/sampling/batched_sampling.py,arquivo,,14,68,41,75,82,116,467.2504,737.476,7.7206,5693.7488,316.3194,0.2458
sample_factory/cfg/arguments.py,arquivo,,15,47,35,64,62,99,319.669,589.4654,10.2128,6020.0725,334.4485,0.1965
sample_factory/algo/sampling/rollout_worker.py,arquivo,,16,57,37,68,73,105,396.4747,649.9316,9.5439,6202.8558,344.6031,0.2166
sample_factory/algo/sampling/non_batched_sampling.py,arquivo,,14,77,51,89,91,140,535.8455,911.0912,8.0909,7371.5565,409.5309,0.3037
sample_factory/utils/utils.py,arquivo,,15,68,45,86,83,131,472.5508,835.1302,9.4853,7921.4552,440.0808,0.2784
sample_factory/envs/env_wrappers.py,arquivo,,15,68,48,92,83,140,472.5508,892.5055,10.1471,9056.306,503.1281,0.2975
sample_factory/pbt/population_based_training.py,arquivo,,18,80,48,93,98,141,580.8129,932.6741,10.4625,9758.1026,542.1168,0.3109
sample_factory/enjoy.py,arquivo,,19,65,50,93,84,143,472.1645,914.1014,13.5923,12424.7474,690.2637,0.3047
sample_factory/algo/utils/optimizers.py,arquivo,,18,72,57,106,90,163,519.2933,1058.1721,13.25,14020.7797,778.9322,0.3527
sample_factory/algo/runners/runner.py,arquivo,,17,146,93,176,163,269,1119.2013,1976.8079,10.2466,20255.5108,1125.3062,0.6589
sample_factory/algo/learning/learner.py,arquivo,,23,273,190,357,296,547,2313.3646,4490.571,15.0385,67531.2791,3751.7377,1.4969
